order_id,customer_id,order_date,product_id,product_name,category,price,quantity,discount,payment_method,region,channel,record_status
ORD000001,C0291,2026-07-16,A004,토트백,패션,32000,5,0.0,카드,부산,Web,verified
ORD000002,C0254,2026-07-31,A003,캡,패션,25000,1,0.0,카드,서울,Web,verified
ORD000003,C0223,2026-07-05,S004,플래너,문구,12000,7,0.05,기타,서울,App,verified
ORD000004,C0074,2026-07-12,E002,마우스,전자기기,29000,3,0.05,카카오페이, 경기 ,App,verified
ORD000005,C0049,2026-07-02,E005,USB 허브,전자기기,39000,5,0.05,네이버페이,경기,Web,verified
ORD000006,C0045,2026-07-19,F006,견과류,식품,13000,3,0.1,카드,경기,App,verified
ORD000007,C0222,2026-07-18,E001,키보드,전자기기,49000,1,0.0,카카오페이,대전,App,verified
ORD000008,C0278,2026-07-22,E001,키보드,전자기기,49000,2,0.05,카드,서울,Web,verified
ORD000009,C0260,2026-07-21,E001,키보드,전자기기,49000,1,0.0,카드,경기,App,verified
ORD000010,C0152,2026-07-01,S001,노트,문구,4500,3,0.2,카카오페이,서울,Web,verified
ORD000011,C0246,2026-07-29,L002,데스크 램프,생활,39000,2,0.0,카드,서울,Web,verified
ORD000012,C0219,2026-07-31,F003,스낵 세트,식품,15000,2,0.0,카드,서울,App,verified
ORD000013,C0263,2026-07-10,E002,마우스,전자기기,29000,3,0.0,카카오페이,서울,App,verified
ORD000014,C0182,2026-07-03,S005,바인더,문구,6500,4,0.0,네이버페이,서울,App,verified
ORD000015,C0243,2026-07-02,F004,그래놀라,식품,11000,1,0.0,네이버페이,서울,Web,verified
ORD000016,C0220,2026-07-31,A001,티셔츠,패션,29000,4,0.1,계좌이체,서울,Web,verified
ORD000017,C0297,2026-07-16,E004,웹캠,전자기기,89000,5,,카드,서울,App,verified
ORD000018,C0150,2026-07-20,F002,티 세트,식품,12000,3,0.1,카드,대전,Web,verified
ORD000019,C0110,2026-07-06,F003,스낵 세트,식품,15000,2,0.0,계좌이체,경기,Web,verified
ORD000020,C0110,2026-07-03,L005,쿠션,생활,35000,2,0.0,카드,경기,App,verified
ORD000021,C0046,2026-07-09,L006,머그컵,생활,14000,4,0.0,계좌이체,서울,Web,verified
ORD000022,C0018,2026-07-02,S001,노트,문구,4500,8,0.0,카드,경기,App,verified
ORD000023,C0257,2026-07-23,E003,모니터,전자기기,239000,1,,카드,경기,App,verified
ORD000024,C0273,2026-07-09,S001,노트,문구,4500,8,0.0,기타,부산,Web,verified
ORD000025,C0028,2026-07-06,A004,토트백,패션,32000,5,0.0,카드,대구,App,verified
ORD000026,C0279,2026-07-14,F002,티 세트,식품,12000,3,0.1,계좌이체,서울,Web,verified
ORD000027,C0094,2026-07-28,F005,초콜릿,식품,8000,1,0.0,카카오페이,부산,App,verified
ORD000028,C0196,2026-07-26,A003,캡,패션,25000,5,0.0,카카오페이,경기,Web,verified
ORD000029,C0097,2026-07-30,A001,티셔츠,패션,29000,4,0.1,카드,대전,App,verified
ORD000030,C0129,2026-07-05,L006,머그컵,생활,14000,4,0.0,카드,경기,App,verified
ORD000031,C0232,2026-07-07,L004,디퓨저,생활,28000,2,0.15,카카오페이,대전,Web,verified
ORD000032,C0065,2026-07-05,F005,초콜릿,식품,8000,1,0.0,카카오페이,서울,App,verified
ORD000033,C0067,2026-07-22,F001,원두,식품,18000,2,0.0,카드,부산,App,verified
ORD000034,C0295,2026-07-24,S006,메모지,문구,2500,4,0.0,네이버페이,경기,Web,verified
ORD000035,C0236,2026-07-02,F005,초콜릿,식품,8000,5,0.1,카드,대구,App,verified
ORD000036,C0049,2026-07-31,F003,스낵 세트,식품,15000,2,0.0,카드,서울,App,verified
ORD000037,C0088,2026-07-22,S001,노트,문구,4500,6,0.05,계좌이체,부산,Web,verified
ORD000038,C0126,2026-07-13,A003,캡,패션,25000,1,0.0,네이버페이,서울,Web,verified
ORD000039,C0200,2026-07-13,S005,바인더,문구,6500,5,0.1,카드,대구,Web,verified
ORD000040,C9001,2026-07-19,E001,키보드,전자기기,49000,5,,카드,대구,Web,verified
ORD000041,C0279,2026-07-25,L002,데스크 램프,생활,39000,2,0.0,네이버페이,경기,Web,verified
ORD000042,C0216,2026-07-12,F006,견과류,식품,13000,2,0.05,네이버페이,서울,Web,verified
ORD000043,C0008,2026-07-12,L001,텀블러,생활,22000,4,0.0,계좌이체,대전,App,verified
ORD000044,C0210,2026-07-07,E005,USB 허브,전자기기,39000,5,0.05,카드,부산 ,Web,verified
ORD000045,C0163,2026-07-03,F003,스낵 세트,식품,15000,2,0.0,카드,경기,App,verified
ORD000046,C0199,2026-07-11,S004,플래너,문구,12000,7,0.0,카드,부산,Web,verified
ORD000047,C0042,2026-07-11,F006,견과류,식품,13000,2,0.05,카드,경기,App,verified
ORD000048,C0001,2026-07-25,F006,견과류,식품,13000,1,0.15,카드,대전,App,verified
ORD000049,C0254,2026-07-22,E001,키보드,전자기기,49000,2,0.05,네이버페이,서울,Web,verified
ORD000050,C0118,2026-07-09,A005,스니커즈,패션,119000,1,0.1,기타,대구,App,verified
ORD000051,C0067,2026-07-08,F002,티 세트,식품,12000,1,0.05,기타,부산,App,verified
ORD000052,C0048,2026-07-02,L003,정리함,생활,19000,5,0.0,카드,경기,Web,verified
ORD000053,C0073,2026-07-26,F003,스낵 세트,식품,15000,3,0.0,네이버페이,서울,App,verified
ORD000054,C0007,2026-07-29,E005,USB 허브,전자기기,39000,5,0.05,계좌이체,서울,App,verified
ORD000055,C0105,2026-07-09,F006,견과류,식품,13000,3,0.1,네이버페이,경기,App,verified
ORD000056,C0136,2026-07-31,S006,메모지,문구,2500,4,0.0,카드,경기,Web,verified
ORD000057,C0216,2026-07-15,A003,캡,패션,25000,1,0.0,카드,경기,Web,verified
ORD000058,C0104,2026-07-28,S005,바인더,문구,6500,4,0.0,계좌이체,대전,App,verified
ORD000059,C0295,2026-07-25,F001,원두,식품,18000,2,0.0,카드,서울,Web,verified
ORD000060,C0115,2026-07-01,F001,원두,식품,18000,2,0.0,기타,대전,Web,verified
ORD000061,C0069,2026-07-11,L005,쿠션,생활,35000,2,0.0,카드,대구,App,verified
ORD000062,C0046,2026-07-30,A003,캡,패션,25000,1,0.0,카드,경기,App,verified
ORD000063,C0096,2026-07-09,S002,펜,문구,1800,6,0.0,카카오페이,대구,App,verified
ORD000064,C0206,2026-07-16,E002,마우스,전자기기,29000,3,0.0,네이버페이,경기,App,verified
ORD000065,C0218,2026-07-19,F002,티 세트,식품,12000,3,0.1,계좌이체,부산,App,verified
ORD000066,C0205,2026-07-16,F001,원두,식품,18000,2,0.0,카드,서울,App,verified
ORD000067,C0061,2026-07-05,A002,후드,패션,69000,2,0.0,카드,대전,App,verified
ORD000068,C0192,2026-07-14,E006,이어폰,전자기기,129000,3,0.0,카카오페이,경기,Web,verified
ORD000069,C0094,2026-07-04,E002,마우스,전자기기,29000,3,0.05,카드,경기,App,verified
ORD000070,C0220,2026-07-24,A001,티셔츠,패션,29000,3,0.0,카카오페이,,Web,verified
ORD000071,C0195,2026-07-07,S005,바인더,문구,6500,4,0.0,카드,광주,App,verified
ORD000072,C0264,2026-07-14,S002,펜,문구,1800,6,0.0,카카오페이,서울,App,verified
ORD000073,C0075,2026-07-09,F003,스낵 세트,식품,15000,2,0.0,카드,부산,Web,verified
ORD000074,C0221,2026-07-30,L001,텀블러,생활,22000,6,0.2,카카오페이,서울,App,verified
ORD000075,C0293,2026-07-07,A001,티셔츠,패션,29000,4,0.1,카카오페이,대전,Web,verified
ORD000076,C0250,2026-07-12,E005,USB 허브,전자기기,39000,5,0.05,네이버페이,경기,App,verified
ORD000077,C0275,2026-07-16,E002,마우스,전자기기,29000,3,0.0,네이버페이,부산,App,verified
ORD000078,C0116,2026-07-01,F003,스낵 세트,식품,15000,2,0.0,네이버페이,대전,App,verified
ORD000079,C0141,2026-07-30,L003,정리함,생활,19000,5,0.0,카카오페이,광주,Web,verified
ORD000080,C0132,2026-07-03,A004,토트백,패션,32000,5,0.0,카드,경기,App,verified
ORD000081,C0245,2026-07-23,F005,초콜릿,식품,8000,1,0.0,카드,부산,App,verified
ORD000082,C0005,2026-07-03,F004,그래놀라,식품,11000,1,0.0,계좌이체,서울,Web,verified
ORD000083,C0293,2026-07-12,E003,모니터,전자기기,239000,1,,카카오페이,대전,Web,verified
ORD000084,C0256,2026-07-09,E006,이어폰,전자기기,129000,1,0.0,카드,대구,Web,verified
ORD000085,C0119,2026-07-16,L001,텀블러,생활,22000,1,0.0,카드,서울,App,verified
ORD000086,C0090,2026-07-24,L004,디퓨저,생활,28000,2,0.15,카카오페이,부산 ,App,verified
ORD000087,C0272,2026-07-21,L003,정리함,생활,19000,2,0.2,카드,경기,Web,verified
ORD000088,C0103,2026-07-13,S001,노트,문구,4500,8,0.0,카드,경기,Web,verified
ORD000089,C0282,2026-07-22,F006,견과류,식품,13000,2,0.05,카카오페이,서울,Web,verified
ORD000090,C0213,2026-07-01,A005,스니커즈,패션,119000,1,0.1,카드,서울,Web,verified
ORD000091,C0029,2026-07-14,L001,텀블러,생활,22000,6,0.2,카드,경기,Web,verified
ORD000092,C0113,2026-07-01,F001,원두,식품,18000,2,0.0,카드,대전,Web,verified
ORD000093,C0189,2026-07-11,L001,텀블러,생활,22000,4,0.0,카카오페이,서울,App,verified
ORD000094,C0016,2026-07-19,E001,키보드,전자기기,49000,1,0.0,카드,대전,App,verified
ORD000095,C0041,2026-07-22,F003,스낵 세트,식품,15000,2,0.0,네이버페이,대전,Web,verified
ORD000096,C0115,2026-07-08,F005,초콜릿,식품,8000,4,0.15,카드,서울,Web,verified
ORD000097,C0029,2026-07-21,S005,바인더,문구,6500,1,,계좌이체,경기,App,verified
ORD000098,C0021,2026-07-29,L003,정리함,생활,19000,6,0.05,네이버페이,부산,Web,verified
ORD000099,C0297,2026-07-30,E005,USB 허브,전자기기,39000,5,0.05,네이버페이,광주,Web,verified
ORD000100,C0108,2026-07-13,E006,이어폰,전자기기,129000,1,0.0,카카오페이,서울,App,verified
ORD000101,C0213,2026-07-18,E002,마우스,전자기기,29000,3,0.0,카카오페이, 대전,Web,verified
ORD000102,C0016,2026-07-20,F006,견과류,식품,13000,3,0.1,카드,서울,App,verified
ORD000103,C0085,2026-07-01,L003,정리함,생활,19000,6,0.0,카카오페이,광주,App,verified
ORD000104,C0218,2026-07-02,A002,후드,패션,69000,2,0.0,카카오페이,경기,App,verified
ORD000105,C0215,2026-07-14,E005,USB 허브,전자기기,39000,5,0.05,카드,서울,App,verified
ORD000106,C0246,2026-07-23,F001,원두,식품,18000,2,0.0,카드,경기,Web,verified
ORD000107,C0184,2026-07-30,A001,티셔츠,패션,29000,4,0.1,카카오페이,경기,Web,verified
ORD000108,C0026,2026-07-24,F002,티 세트,식품,12000,3,0.1,카카오페이,경기,Web,verified
ORD000109,C0048,2026-07-01,A003,캡,패션,25000,1,0.0,카드,서울,App,verified
ORD000110,C0217,2026-07-01,S002,펜,문구,1800,6,0.0,카드,대전,App,verified
ORD000111,C0063,2026-07-04,A002,후드,패션,69000,2,0.0,계좌이체,경기,Web,verified
ORD000112,C0115,2026-07-15,L005,쿠션,생활,35000,2,0.0,네이버페이,서울 ,App,verified
ORD000113,C0204,2026-07-05,E003,모니터,전자기기,239000,1,,네이버페이,서울,App,verified
ORD000114,C0256,2026-07-13,S005,바인더,문구,6500,5,,카드,경기,App,verified
ORD000115,C0053,2026-07-08,S003,형광펜,문구,3200,3,0.0,카드,경기,App,verified
ORD000116,C0212,2026-07-22,F005,초콜릿,식품,8000,1,0.0,카드,대전,App,verified
ORD000117,C0083,2026-07-29,F006,견과류,식품,13000,3,0.1,네이버페이,대구,Web,verified
ORD000118,C0147,2026-07-17,S002,펜,문구,1800,6,0.0,네이버페이,광주,Web,verified
ORD000119,C0036,2026-07-15,L004,디퓨저,생활,28000,2,0.15,카카오페이,경기,Web,verified
ORD000120,C0226,2026-07-10,S005,바인더,문구,6500,4,0.0,카카오페이,경기,Web,verified
ORD000121,C0291,2026-07-30,S002,펜,문구,1800,3,0.05,카카오페이,경기,App,verified
ORD000122,C0245,2026-07-28,S003,형광펜,문구,3200,3,0.0,카카오페이,서울,App,verified
ORD000123,C0200,2026-07-29,L004,디퓨저,생활,28000,2,0.15,카드,경기,App,verified
ORD000124,C0034,2026-07-08,L004,디퓨저,생활,28000,2,0.15,카카오페이,대전,App,verified
ORD000125,C0116,2026-07-21,F005,초콜릿,식품,8000,1,0.0,네이버페이,부산,Web,verified
ORD000126,C0217,2026-07-17,F001,원두,식품,18000,2,0.0,카카오페이,부산,Web,verified
ORD000127,C0299,2026-07-07,A001,티셔츠,패션,29000,4,0.1,기타,경기,Web,verified
ORD000128,C0213,2026-07-11,E004,웹캠,전자기기,89000,5,0.2,카카오페이,서울,Web,verified
ORD000129,C0277,2026-07-08,L004,디퓨저,생활,28000,2,0.15,카드,서울,Web,verified
ORD000130,C0135,2026-07-28,E006,이어폰,전자기기,129000,1,0.0,네이버페이,서울,App,verified
ORD000131,C0017,2026-07-13,L004,디퓨저,생활,28000,2,0.15,네이버페이,부산,App,verified
ORD000132,C0281,2026-07-22,A005,스니커즈,패션,119000,1,0.1,카드,경기,App,verified
ORD000133,C0048,2026-07-29,S002,펜,문구,1800,6,0.0,카카오페이,대구,Web,verified
ORD000134,C0004,2026-07-06,F001,원두,식품,18000,2,0.0,계좌이체,서울,Web,verified
ORD000135,C0257,2026-07-28,L002,데스크 램프,생활,39000,2,0.0,카드,광주,Web,verified
ORD000136,C0252,2026-07-10,F003,스낵 세트,식품,15000,2,0.0,카카오페이,대구,App,verified
ORD000137,C0288,2026-07-18,S001,노트,문구,4500,4,0.1,카드,대구,Web,verified
ORD000138,C0260,2026-07-02,S005,바인더,문구,6500,4,0.0,카드,경기,App,verified
ORD000139,C0102,2026-07-30,S006,메모지,문구,2500,4,0.0,계좌이체,부산,App,verified
ORD000140,C0259,2026-07-23,F002,티 세트,식품,12000,3,0.1,카드,부산,App,verified
ORD000141,C0299,2026-07-20,F004,그래놀라,식품,11000,1,0.0,기타,서울,App,verified
ORD000142,C0212,2026-07-12,L004,디퓨저,생활,28000,2,0.15,네이버페이,대전,App,verified
ORD000143,C0286,2026-07-23,S006,메모지,문구,2500,4,0.0,카카오페이,부산,Web,verified
ORD000144,C0113,2026-07-05,L005,쿠션,생활,35000,2,0.0,카드,서울,App,verified
ORD000145,C0186,2026-07-01,A006,재킷,패션,149000,1,0.2,카드,대구,App,verified
ORD000146,C0140,2026-07-28,S006,메모지,문구,2500,4,0.0,카드,대전,Web,verified
ORD000147,C0028,2026-07-13,S001,노트,문구,4500,6,0.05,계좌이체,대구,App,verified
ORD000148,C0052,2026-07-12,L005,쿠션,생활,35000,2,0.0,네이버페이,서울,Web,verified
ORD000149,C0012,2026-07-16,F006,견과류,식품,13000,2,0.0,카드,부산,App,verified
ORD000150,C0233,2026-07-17,F003,스낵 세트,식품,15000,2,0.0,카드,서울,Web,verified
ORD000151,C0111,2026-07-30,L006,머그컵,생활,14000,6,0.0,카드,서울,App,verified
ORD000152,C0154,2026-07-04,F005,초콜릿,식품,8000,1,0.0,기타,경기,App,verified
ORD000153,C0294,2026-07-15,L003,정리함,생활,19000,5,0.0,카드,경기,App,verified
ORD000154,C0231,2026-07-08,A001,티셔츠,패션,29000,2,0.15,카드,서울 ,Web,verified
ORD000155,C0035,2026-07-16,F001,원두,식품,18000,2,0.0,카카오페이,경기,App,verified
ORD000156,C0105,2026-07-13,A002,후드,패션,69000,2,0.0,카드, 경기 ,Web,verified
ORD000157,C0016,2026-07-14,F005,초콜릿,식품,8000,1,0.0,계좌이체,대구,App,verified
ORD000158,C0227,2026-07-23,S004,플래너,문구,12000,7,0.05,카카오페이,서울,App,verified
ORD000159,C0256,2026-07-04,E001,키보드,전자기기,49000,4,0.0,네이버페이,부산,App,verified
ORD000160,C0135,2026-07-29,S002,펜,문구,1800,6,0.0,기타,경기,App,verified
ORD000161,C0093,2026-07-01,F002,티 세트,식품,12000,3,0.1,네이버페이,광주,Web,verified
ORD000162,C0135,2026-07-24,A002,후드,패션,69000,2,0.0,계좌이체,부산,App,verified
ORD000163,C9002,2026-07-30,L003,정리함,생활,19000,5,0.0,카드,경기,App,verified
ORD000164,C0036,2026-07-10,F005,초콜릿,식품,8000,1,0.0,카드,서울,Web,verified
ORD000165,C0040,2026-07-23,A005,스니커즈,패션,119000,2,0.0,카카오페이,서울,Web,verified
ORD000166,C0092,2026-07-23,S001,노트,문구,4500,4,0.1,카드,대전,App,verified
ORD000167,C0015,2026-07-28,S001,노트,문구,4500,8,0.0,카드,서울,Web,verified
ORD000168,C0273,2026-07-31,F003,스낵 세트,식품,15000,2,0.0,카카오페이,경기,App,verified
ORD000169,C0149,2026-07-16,L001,텀블러,생활,22000,4,0.0,카드,서울,Web,verified
ORD000170,C0118,2026-07-31,F003,스낵 세트,식품,15000,3,0.0,카카오페이,,App,verified
ORD000171,C0110,2026-07-20,S003,형광펜,문구,3200,3,0.0,카드,서울,Web,verified
ORD000172,C0104,2026-07-10,S002,펜,문구,1800,6,0.0,카드,서울,App,verified
ORD000173,C0160,2026-07-22,F006,견과류,식품,13000,3,0.1,카드,서울,Web,verified
ORD000174,C0154,2026-07-18,L002,데스크 램프,생활,39000,2,0.0,카카오페이,부산,Web,verified
ORD000175,C0024,2026-07-21,F002,티 세트,식품,12000,3,0.1,카카오페이,대전,Web,verified
ORD000176,C0224,2026-07-18,E002,마우스,전자기기,29000,3,0.0,네이버페이,서울,App,verified
ORD000177,C0276,2026-07-28,E006,이어폰,전자기기,129000,1,0.0,네이버페이,서울,App,verified
ORD000178,C0019,2026-07-10,F004,그래놀라,식품,11000,1,0.15,카드,부산,Web,verified
ORD000179,C0262,2026-07-24,S006,메모지,문구,2500,4,0.0,카드,서울,App,verified
ORD000180,C0164,2026-07-10,E002,마우스,전자기기,29000,3,0.05,카카오페이,부산,App,verified
ORD000181,C0229,2026-07-15,L005,쿠션,생활,35000,2,0.0,기타,서울,App,verified
ORD000182,C0043,2026-07-31,A005,스니커즈,패션,119000,1,0.1,카드,경기,App,verified
ORD000183,C0073,2026-07-21,S002,펜,문구,1800,6,0.0,카드,경기,Web,verified
ORD000184,C0261,2026-07-22,L005,쿠션,생활,35000,2,0.0,카드,서울,Web,verified
ORD000185,C0263,2026-07-31,A001,티셔츠,패션,29000,4,0.1,기타,부산,Web,verified
ORD000186,C0137,2026-07-31,S005,바인더,문구,6500,4,0.0,네이버페이,대구,App,verified
ORD000187,C0034,2026-07-31,F004,그래놀라,식품,11000,1,0.15,네이버페이,대구,Web,verified
ORD000188,C0296,2026-07-17,S004,플래너,문구,12000,7,0.0,카카오페이,서울,Web,verified
ORD000189,C0280,2026-07-31,L002,데스크 램프,생활,39000,2,0.0,기타,부산,Web,verified
ORD000190,C0010,2026-07-23,F006,견과류,식품,13000,1,0.15,카드,대전,App,verified
ORD000191,C0246,2026-07-25,S001,노트,문구,4500,6,0.05,카드,광주,Web,verified
ORD000192,C0112,2026-07-24,F006,견과류,식품,13000,3,0.1,기타,서울,Web,verified
ORD000193,C0239,2026-07-08,L004,디퓨저,생활,28000,2,0.15,네이버페이,부산,Web,verified
ORD000194,C9003,2026-07-13,E001,키보드,전자기기,49000,5,,카드,대구,App,verified
ORD000195,C0108,2026-07-08,E002,마우스,전자기기,29000,3,0.0,카드,서울,Web,verified
ORD000196,C0253,2026-07-08,S005,바인더,문구,6500,4,0.0,카카오페이,경기,App,verified
ORD000197,C0070,2026-07-08,L006,머그컵,생활,14000,3,0.0,계좌이체,경기,App,verified
ORD000198,C0084,2026-07-30,L005,쿠션,생활,35000,2,0.0,카드,부산,Web,verified
ORD000199,C0236,2026-07-13,A004,토트백,패션,32000,1,0.05,카카오페이,경기,App,verified
ORD000200,C0289,2026-07-13,F001,원두,식품,18000,2,0.0,네이버페이,경기,App,verified
ORD000201,C0121,2026-07-22,F001,원두,식품,18000,1,0.05,카카오페이,경기,App,verified
ORD000202,C0275,2026-07-01,S003,형광펜,문구,3200,3,0.0,계좌이체,대전,Web,verified
ORD000203,C0119,2026-07-16,A002,후드,패션,69000,2,0.0,카드,경기,Web,verified
ORD000204,C0125,2026-07-20,S003,형광펜,문구,3200,3,0.0,계좌이체,서울,Web,verified
ORD000205,C0042,2026-07-06,F001,원두,식품,18000,2,0.0,네이버페이,서울,App,verified
ORD000206,C9002,2026-07-24,S004,플래너,문구,12000,7,0.15,카드,서울,Web,verified
ORD000207,C0055,2026-07-26,L006,머그컵,생활,14000,1,0.05,카드,대전,App,verified
ORD000208,C0281,2026-07-21,L005,쿠션,생활,35000,2,0.0,기타,서울,App,verified
ORD000209,C0202,2026-07-19,F003,스낵 세트,식품,15000,3,0.0,카드,부산,Web,verified
ORD000210,C0142,2026-07-29,S006,메모지,문구,2500,4,0.0,카드,서울,Web,verified
ORD000211,C0064,2026-07-23,S005,바인더,문구,6500,4,0.0,카드,대전,Web,verified
ORD000212,C0075,2026-07-22,F002,티 세트,식품,12000,3,,카카오페이,경기,Web,verified
ORD000213,C0182,2026-07-02,F001,원두,식품,18000,1,0.05,카카오페이,대전,App,verified
ORD000214,C0067,2026-07-16,E002,마우스,전자기기,29000,3,0.0,카드,대전,App,verified
ORD000215,C0033,2026-07-23,L002,데스크 램프,생활,39000,2,0.0,카드,서울,Web,verified
ORD000216,C0198,2026-07-31,L002,데스크 램프,생활,39000,2,0.05,카드,부산,Web,verified
ORD000217,C0128,2026-07-02,E005,USB 허브,전자기기,39000,5,0.05,계좌이체,서울,Web,verified
ORD000218,C0291,2026-07-14,E004,웹캠,전자기기,89000,5,0.2,카카오페이,서울,Web,verified
ORD000219,C0287,2026-07-28,L005,쿠션,생활,35000,2,0.0,카카오페이,경기,App,verified
ORD000220,C0188,2026-07-26,E003,모니터,전자기기,239000,1,,카드,서울,Web,verified
ORD000221,C0295,2026-07-01,F006,견과류,식품,13000,1,0.15,계좌이체,광주,App,verified
ORD000222,C0247,2026-07-03,E005,USB 허브,전자기기,39000,5,0.05,카카오페이,서울,App,verified
ORD000223,C0155,2026-07-04,S002,펜,문구,1800,6,0.0,카드,서울,App,verified
ORD000224,C0082,2026-07-09,L002,데스크 램프,생활,39000,2,0.0,카드,부산,Web,verified
ORD000225,C0099,2026-07-19,F002,티 세트,식품,12000,1,0.0,계좌이체,부산,App,verified
ORD000226,C0245,2026-07-17,E001,키보드,전자기기,49000,1,0.0,카드,대전,Web,verified
ORD000227,C0144,2026-07-10,A004,토트백,패션,32000,1,0.05,카카오페이,부산,Web,verified
ORD000228,C0260,2026-07-28,E005,USB 허브,전자기기,39000,5,0.05,카카오페이,경기,App,verified
ORD000229,C0068,2026-07-08,S002,펜,문구,1800,3,0.05,카드,서울,Web,verified
ORD000230,C0278,2026-07-31,E004,웹캠,전자기기,89000,5,0.2,카드,광주,Web,verified
ORD000231,C0074,2026-07-28,S001,노트,문구,4500,8,0.0,카드,대전,Web,verified
ORD000232,C0151,2026-07-03,F001,원두,식품,18000,1,0.05,기타,대전,App,verified
ORD000233,C0083,2026-07-24,F003,스낵 세트,식품,15000,2,0.0,카드,서울,App,verified
ORD000234,C0076,2026-07-28,F004,그래놀라,식품,11000,1,0.15,네이버페이,서울,App,verified
ORD000235,C0191,2026-07-20,A006,재킷,패션,149000,1,0.2,카드,경기,Web,verified
ORD000236,C0285,2026-07-03,E004,웹캠,전자기기,89000,5,,카드,서울,Web,verified
ORD000237,C0122,2026-07-28,S006,메모지,문구,2500,4,0.0,네이버페이,대구,App,verified
ORD000238,C0237,2026-07-21,F002,티 세트,식품,12000,3,0.1,계좌이체,대전,App,verified
ORD000239,C0274,2026-07-19,F001,원두,식품,18000,2,0.0,계좌이체,대전,App,verified
ORD000240,C0155,2026-07-16,L001,텀블러,생활,22000,1,0.0,카드,부산,Web,verified
ORD000241,C0136,2026-07-03,S001,노트,문구,4500,4,0.1,네이버페이,대전,App,verified
ORD000242,C0065,2026-07-28,F005,초콜릿,식품,8000,3,0.05,계좌이체,서울,App,verified
ORD000243,C0123,2026-07-30,F002,티 세트,식품,12000,3,0.1,기타,서울,App,verified
ORD000244,C0253,2026-07-31,E006,이어폰,전자기기,129000,1,0.0,네이버페이,대전,App,verified
ORD000245,C0102,2026-07-14,E002,마우스,전자기기,29000,3,0.0,네이버페이,서울,App,verified
ORD000246,C0182,2026-07-08,A002,후드,패션,69000,2,0.0,카드,경기,App,verified
ORD000247,C0090,2026-07-30,A004,토트백,패션,32000,1,0.05,카드,서울,App,verified
ORD000248,C0206,2026-07-22,E005,USB 허브,전자기기,39000,5,0.05,카드,경기,Web,verified
ORD000249,C0280,2026-07-28,S001,노트,문구,4500,3,0.2,카카오페이,서울,App,verified
ORD000250,C0290,2026-07-14,L006,머그컵,생활,14000,4,0.0,계좌이체,광주,App,verified
ORD000251,C0251,2026-07-05,L006,머그컵,생활,14000,3,0.0,기타,서울,Web,verified
ORD000252,C0257,2026-07-12,S005,바인더,문구,6500,4,0.0,카드,대구,App,verified
ORD000253,C0293,2026-07-08,L006,머그컵,생활,14000,6,0.0,카드,서울,App,verified
ORD000254,C0288,2026-07-22,E003,모니터,전자기기,239000,1,,카드,서울,Web,verified
ORD000255,C0295,2026-07-06,L003,정리함,생활,19000,5,0.0,카카오페이,대구,App,verified
ORD000256,C0128,2026-07-21,F006,견과류,식품,13000,3,0.1,카드,경기,App,verified
ORD000257,C0140,2026-07-08,S001,노트,문구,4500,1,0.05,카드,경기,Web,verified
ORD000258,C0009,2026-07-10,F004,그래놀라,식품,11000,1,0.0,카카오페이,대전,Web,verified
ORD000259,C0134,2026-07-17,S006,메모지,문구,2500,3,0.1,카카오페이,부산,Web,verified
ORD000260,C0087,2026-07-23,F001,원두,식품,18000,2,0.0,카드,부산,App,verified
ORD000261,C0161,2026-07-25,F003,스낵 세트,식품,15000,3,0.0,카드,경기,Web,verified
ORD000262,C0299,2026-07-22,E003,모니터,전자기기,239000,3,,카드,서울,Web,verified
ORD000263,C0060,2026-07-08,F005,초콜릿,식품,8000,1,0.0,카카오페이,경기,App,verified
ORD000264,C0036,2026-07-24,F005,초콜릿,식품,8000,1,0.0,카드,대전,App,verified
ORD000265,C0058,2026-07-27,F002,티 세트,식품,12000,1,0.0,카드,광주,Web,verified
ORD000266,C0133,2026-07-12,E002,마우스,전자기기,29000,3,0.0,카카오페이,광주,App,verified
ORD000267,C0185,2026-07-02,F002,티 세트,식품,12000,3,0.1,카드,부산,Web,verified
ORD000268,C0201,2026-07-01,E003,모니터,전자기기,239000,1,,카카오페이,서울,App,verified
ORD000269,C0136,2026-07-08,F001,원두,식품,18000,1,0.05,카드,경기,Web,verified
ORD000270,C0256,2026-07-22,E003,모니터,전자기기,239000,1,,카드,대전,Web,verified
ORD000271,C0241,2026-07-01,S006,메모지,문구,2500,4,0.0,카드,대구,App,verified
ORD000272,C0158,2026-07-20,E001,키보드,전자기기,49000,1,0.0,카드,대구,Web,verified
ORD000273,C0105,2026-07-28,S002,펜,문구,1800,1,0.1,카드,서울,Web,verified
ORD000274,C0100,2026-07-12,L003,정리함,생활,19000,5,0.0,카드,대구,App,verified
ORD000275,C0099,2026-07-11,E001,키보드,전자기기,49000,1,0.0,카카오페이,서울,App,verified
ORD000276,C0082,2026-07-08,S006,메모지,문구,2500,4,0.0,카카오페이,경기,Web,verified
ORD000277,C0149,2026-07-17,E005,USB 허브,전자기기,39000,5,0.05,카드,서울,App,verified
ORD000278,C0289,2026-07-23,E002,마우스,전자기기,29000,3,0.0,계좌이체,서울,Web,verified
ORD000279,C0015,2026-07-02,S001,노트,문구,4500,4,0.1,카카오페이,서울,App,verified
ORD000280,C0214,2026-07-25,E002,마우스,전자기기,29000,3,0.05,카카오페이,경기,Web,verified
ORD000281,C0074,2026-07-14,F001,원두,식품,18000,2,0.0,카카오페이,서울,Web,verified
ORD000282,C0032,2026-07-10,S003,형광펜,문구,3200,3,0.0,카카오페이,서울,App,verified
ORD000283,C0202,2026-07-20,A001,티셔츠,패션,29000,4,0.1,카카오페이,서울,App,verified
ORD000284,C0094,2026-07-01,L001,텀블러,생활,22000,6,0.2,카드,광주,App,verified
ORD000285,C0242,2026-07-22,A005,스니커즈,패션,119000,1,0.1,카카오페이,서울,App,verified
ORD000286,C0076,2026-07-11,F002,티 세트,식품,12000,3,0.1,카드,대전,App,verified
ORD000287,C0128,2026-07-07,L005,쿠션,생활,35000,2,0.0,카드,서울,App,verified
ORD000288,C0290,2026-07-08,S002,펜,문구,1800,6,0.0,네이버페이,서울,App,verified
ORD000289,C0161,2026-07-03,L006,머그컵,생활,14000,1,0.05,네이버페이,대전,Web,verified
ORD000290,C0296,2026-07-01,E002,마우스,전자기기,29000,3,0.0,카드,대전,App,verified
ORD000291,C0234,2026-07-26,L001,텀블러,생활,22000,1,0.0,카드,경기,Web,verified
ORD000292,C0222,2026-07-24,S004,플래너,문구,12000,7,0.05,카카오페이,서울,Web,verified
ORD000293,C0293,2026-07-13,E003,모니터,전자기기,239000,3,,계좌이체,경기,Web,verified
ORD000294,C0160,2026-07-10,S003,형광펜,문구,3200,3,0.0,카드,부산,Web,verified
ORD000295,C0225,2026-07-02,S001,노트,문구,4500,1,0.05,네이버페이,경기,App,verified
ORD000296,C0027,2026-07-18,F004,그래놀라,식품,11000,1,0.0,카카오페이,경기,Web,verified
ORD000297,C0204,2026-07-03,L001,텀블러,생활,22000,4,0.0,카카오페이,서울,App,verified
ORD000298,C0235,2026-07-27,E002,마우스,전자기기,29000,3,0.0,네이버페이,경기,Web,verified
ORD000299,C0218,2026-07-14,F001,원두,식품,18000,2,0.0,카드,서울,Web,verified
ORD000300,C0295,2026-07-27,E001,키보드,전자기기,49000,2,0.05,카카오페이,경기,App,verified
ORD000301,C0071,2026-07-20,F006,견과류,식품,13000,1,0.05,기타,부산,Web,verified
ORD000302,C0089,2026-07-21,F003,스낵 세트,식품,15000,3,0.0,네이버페이,대구,Web,verified
ORD000303,C0095,2026-07-19,L001,텀블러,생활,22000,4,0.0,카드,경기,Web,verified
ORD000304,C0287,2026-07-06,L003,정리함,생활,19000,9,0.15,카드,대전,Web,verified
ORD000305,C0085,2026-07-28,L003,정리함,생활,19000,4,,카드,서울,App,verified
ORD000306,C0071,2026-07-20,S002,펜,문구,1800,6,0.0,카드,부산,App,verified
ORD000307,C0120,2026-07-15,F002,티 세트,식품,12000,3,0.1,카카오페이,서울,App,verified
ORD000308,C0234,2026-07-15,A006,재킷,패션,149000,1,0.2,카드,경기,App,verified
ORD000309,C0084,2026-07-03,S004,플래너,문구,12000,7,0.0,카카오페이, 경기 ,Web,verified
ORD000310,C0231,2026-07-17,L002,데스크 램프,생활,39000,2,0.0,카드,경기,Web,verified
ORD000311,C0281,2026-07-18,S006,메모지,문구,2500,4,0.0,카카오페이,광주,Web,verified
ORD000312,C0065,2026-07-17,F002,티 세트,식품,12000,3,0.1,계좌이체,경기,Web,verified
ORD000313,C0013,2026-07-05,E002,마우스,전자기기,29000,3,0.0,카카오페이,광주,App,verified
ORD000314,C0152,2026-07-02,F006,견과류,식품,13000,3,0.1,카드,서울,App,verified
ORD000315,C0251,2026-07-27,E002,마우스,전자기기,29000,3,0.0,계좌이체,서울,Web,verified
ORD000316,C0096,2026-07-25,L003,정리함,생활,19000,3,0.0,카드,부산,App,verified
ORD000317,C0286,2026-07-16,S002,펜,문구,1800,3,0.05,카드,서울,Web,verified
ORD000318,C0139,2026-07-18,L004,디퓨저,생활,28000,2,0.15,카드,대구,App,verified
ORD000319,C0156,2026-07-09,S002,펜,문구,1800,6,0.0,카카오페이,서울,App,verified
ORD000320,C0287,2026-07-17,A001,티셔츠,패션,29000,4,0.1,계좌이체,서울,Web,verified
ORD000321,C0138,2026-07-21,F005,초콜릿,식품,8000,1,0.0,카드,서울,App,verified
ORD000322,C0220,2026-07-03,S003,형광펜,문구,3200,3,0.0,카드,경기,App,verified
ORD000323,C0140,2026-07-21,L001,텀블러,생활,22000,1,0.0,카드,대전,App,verified
ORD000324,C0298,2026-07-01,L006,머그컵,생활,14000,4,0.0,카드,부산,App,verified
ORD000325,C0285,2026-07-10,E004,웹캠,전자기기,89000,5,0.2,카드,경기,Web,verified
ORD000326,C0275,2026-07-09,S004,플래너,문구,12000,7,0.15,네이버페이,서울,App,verified
ORD000327,C0003,2026-07-14,S003,형광펜,문구,3200,3,0.0,계좌이체,대구  ,App,verified
ORD000328,C0083,2026-07-27,F001,원두,식품,18000,2,0.0,네이버페이,서울,App,verified
ORD000329,C0094,2026-07-18,E002,마우스,전자기기,29000,3,0.0,카드,경기,App,verified
ORD000330,C0183,2026-07-27,L006,머그컵,생활,14000,3,0.0,카드,서울,Web,verified
ORD000331,C0197,2026-07-03,F001,원두,식품,18000,2,0.0,카카오페이,부산,App,verified
ORD000332,C0027,2026-07-17,L004,디퓨저,생활,28000,2,0.15,카드,대전,App,verified
ORD000333,C0211,2026-07-20,E005,USB 허브,전자기기,39000,5,0.05,카드,광주,Web,verified
ORD000334,C0190,2026-07-23,E002,마우스,전자기기,29000,3,0.0,카카오페이,경기,Web,verified
ORD000335,C0294,2026-07-12,A004,토트백,패션,32000,1,0.05,카드,부산,App,verified
ORD000336,C0045,2026-07-21,F004,그래놀라,식품,11000,1,0.0,네이버페이,부산,App,verified
ORD000337,C0193,2026-07-28,E006,이어폰,전자기기,129000,1,0.0,카드,서울,App,verified
ORD000338,C0133,2026-07-31,F001,원두,식품,18000,2,0.0,카드,경기,Web,verified
ORD000339,C0278,2026-07-04,S002,펜,문구,1800,6,0.0,카카오페이,대전,App,verified
ORD000340,C0060,2026-07-21,L006,머그컵,생활,14000,3,0.0,기타,서울,App,verified
ORD000341,C0022,2026-07-15,L004,디퓨저,생활,28000,2,0.15,계좌이체,부산,Web,verified
ORD000342,C0263,2026-07-26,S001,노트,문구,4500,8,0.0,계좌이체,부산,App,verified
ORD000343,C0052,2026-07-05,A003,캡,패션,25000,1,0.0,카드,대전,Web,verified
ORD000344,C9001,2026-07-15,L002,데스크 램프,생활,39000,2,0.0,기타,서울,App,verified
ORD000345,C0154,2026-07-15,S002,펜,문구,1800,6,0.0,카드,서울,App,verified
ORD000346,C0025,2026-07-03,F003,스낵 세트,식품,15000,2,0.0,카드,서울,App,verified
ORD000347,C0086,2026-07-15,S005,바인더,문구,6500,4,0.0,카드,서울,App,verified
ORD000348,C0094,2026-07-26,S005,바인더,문구,6500,4,0.0,카드,서울,App,verified
ORD000349,C0052,2026-07-03,F003,스낵 세트,식품,15000,2,0.0,네이버페이,경기,App,verified
ORD000350,C0115,2026-07-29,S001,노트,문구,4500,1,0.0,네이버페이,서울,App,verified
ORD000351,C0260,2026-07-11,F001,원두,식품,18000,2,0.0,카드,서울,App,verified
ORD000352,C0264,2026-07-02,L001,텀블러,생활,22000,3,0.15,카카오페이,부산 ,App,verified
ORD000353,C0292,2026-07-10,E004,웹캠,전자기기,89000,5,0.0,카드,서울,Web,verified
ORD000354,C0248,2026-07-02,S003,형광펜,문구,3200,3,0.0,네이버페이,경기,App,verified
ORD000355,C0086,2026-07-10,F001,원두,식품,18000,2,0.0,카드,경기,Web,verified
ORD000356,C0237,2026-07-20,E005,USB 허브,전자기기,39000,5,0.05,카드,서울,App,verified
ORD000357,C0240,2026-07-06,L004,디퓨저,생활,28000,2,0.15,카드,서울,Web,verified
ORD000358,C0096,2026-07-26,F006,견과류,식품,13000,3,0.1,카드,경기,Web,verified
ORD000359,C0253,2026-07-21,L003,정리함,생활,19000,9,0.15,네이버페이,경기,App,verified
ORD000360,C0283,2026-07-02,F002,티 세트,식품,12000,3,0.1,카드,부산,Web,verified
ORD000361,C0276,2026-07-16,A004,토트백,패션,32000,1,0.05,카드,서울,Web,verified
ORD000362,C0050,2026-07-12,L002,데스크 램프,생활,39000,2,0.0,카드,서울,App,verified
ORD000363,C0284,2026-07-06,L003,정리함,생활,19000,6,0.05,카드,대전,Web,verified
ORD000364,C0035,2026-07-24,F004,그래놀라,식품,11000,4,0.2,기타,서울,Web,verified
ORD000365,C0025,2026-07-15,F001,원두,식품,18000,2,0.0,카카오페이,대전,App,verified
ORD000366,C0009,2026-07-01,L001,텀블러,생활,22000,1,0.15,카드,서울,App,verified
ORD000367,C0219,2026-07-09,E005,USB 허브,전자기기,39000,5,0.05,카드,대구,Web,verified
ORD000368,C0084,2026-07-19,A003,캡,패션,25000,1,0.0,카드,경기,Web,verified
ORD000369,C0109,2026-07-24,F006,견과류,식품,13000,3,0.1,계좌이체,서울,App,verified
ORD000370,C0131,2026-07-20,L005,쿠션,생활,35000,2,0.0,네이버페이,서울,App,verified
ORD000371,C0026,2026-07-01,F003,스낵 세트,식품,15000,3,0.0,네이버페이,대구,Web,verified
ORD000372,C0238,2026-07-18,S001,노트,문구,4500,1,0.0,네이버페이,대구,App,verified
ORD000373,C0074,2026-07-07,F004,그래놀라,식품,11000,1,0.15,카드,대구,Web,verified
ORD000374,C0251,2026-07-06,F004,그래놀라,식품,11000,1,0.0,카드,부산,Web,verified
ORD000375,C0040,2026-07-31,L003,정리함,생활,19000,3,0.0,기타,광주,Web,verified
ORD000376,C0276,2026-07-20,E001,키보드,전자기기,49000,2,0.05,카드,경기,Web,verified
ORD000377,C0149,2026-07-10,A002,후드,패션,69000,2,0.0,카드,부산,App,verified
ORD000378,C0156,2026-07-07,L003,정리함,생활,19000,2,0.05,카드,경기,App,verified
ORD000379,C0074,2026-07-20,A001,티셔츠,패션,29000,4,0.1,카드,서울,Web,verified
ORD000380,C0240,2026-07-29,S005,바인더,문구,6500,5,,카드,경기,App,verified
ORD000381,C0047,2026-07-04,A002,후드,패션,69000,2,0.0,카드,경기,App,verified
ORD000382,C0090,2026-07-26,F003,스낵 세트,식품,15000,3,0.0,카드,,App,verified
ORD000383,C0283,2026-07-08,A002,후드,패션,69000,2,0.0,카드,경기,App,verified
ORD000384,C0263,2026-07-21,F004,그래놀라,식품,11000,1,0.0,카드,경기,Web,verified
ORD000385,C0122,2026-07-09,A004,토트백,패션,32000,4,0.1,카카오페이,경기,Web,verified
ORD000386,C0195,2026-07-09,A006,재킷,패션,149000,1,0.2,카드,서울,Web,verified
ORD000387,C0256,2026-07-18,S002,펜,문구,1800,6,0.0,계좌이체,서울,Web,verified
ORD000388,C0271,2026-07-28,F004,그래놀라,식품,11000,5,0.0,카드,경기,Web,verified
ORD000389,C0192,2026-07-15,S006,메모지,문구,2500,4,0.0,카드,부산,Web,verified
ORD000390,C0214,2026-07-13,L006,머그컵,생활,14000,3,0.0,카카오페이,대구,Web,verified
ORD000391,C0271,2026-07-02,L002,데스크 램프,생활,39000,2,0.1,카드,서울,Web,verified
ORD000392,C0054,2026-07-06,F006,견과류,식품,13000,3,0.1,네이버페이,서울,App,verified
ORD000393,C0047,2026-07-17,S003,형광펜,문구,3200,3,0.0,네이버페이,대구,App,verified
ORD000394,C0258,2026-07-23,E004,웹캠,전자기기,89000,5,,카드,서울,Web,verified
ORD000395,C0020,2026-07-30,L006,머그컵,생활,14000,4,0.0,카드,경기,App,verified
ORD000396,C0189,2026-07-30,A001,티셔츠,패션,29000,4,0.1,카드,서울,App,verified
ORD000397,C0033,2026-07-23,F003,스낵 세트,식품,15000,3,0.0,계좌이체,대구,Web,verified
ORD000398,C0039,2026-07-03,S002,펜,문구,1800,6,0.0,카드,경기,App,verified
ORD000399,C0220,2026-07-02,E006,이어폰,전자기기,129000,1,0.0,카드,부산,App,verified
ORD000400,C0277,2026-07-14,S003,형광펜,문구,3200,3,0.0,카드,서울,Web,verified
ORD000401,C0160,2026-07-18,E005,USB 허브,전자기기,39000,5,0.05,카드,경기,Web,verified
ORD000402,C0199,2026-07-17,F004,그래놀라,식품,11000,1,0.15,카드,서울,App,verified
ORD000403,C0048,2026-07-22,L001,텀블러,생활,22000,1,0.0,카드,서울,App,verified
ORD000404,C0112,2026-07-27,A002,후드,패션,69000,2,0.0,계좌이체,서울,App,verified
ORD000405,C0272,2026-07-31,F003,스낵 세트,식품,15000,2,0.0,카드,서울,Web,verified
ORD000406,C0256,2026-07-29,S003,형광펜,문구,3200,3,0.0,카카오페이,서울,Web,verified
ORD000407,C0031,2026-07-29,F004,그래놀라,식품,11000,1,0.0,카카오페이,서울,App,verified
ORD000408,C0112,2026-07-17,E005,USB 허브,전자기기,39000,5,0.05,카드,대구,Web,verified
ORD000409,C0099,2026-07-12,A002,후드,패션,69000,2,0.0,카드,서울,Web,verified
ORD000410,C0161,2026-07-20,A002,후드,패션,69000,2,0.0,네이버페이,서울,App,verified
ORD000411,C0195,2026-07-01,S004,플래너,문구,12000,7,0.0,카카오페이,부산,App,verified
ORD000412,C0159,2026-07-19,E002,마우스,전자기기,29000,3,0.0,카드,경기,Web,verified
ORD000413,C0299,2026-07-14,E004,웹캠,전자기기,89000,5,0.2,카드,광주,Web,verified
ORD000414,C0276,2026-07-12,E006,이어폰,전자기기,129000,6,,네이버페이,서울,Web,verified
ORD000415,C0033,2026-07-03,A001,티셔츠,패션,29000,4,0.1,카드,광주,App,verified
ORD000416,C0149,2026-07-08,L001,텀블러,생활,22000,4,0.0,카드,서울,Web,verified
ORD000417,C0208,2026-07-21,F004,그래놀라,식품,11000,1,0.0,카카오페이,대전,App,verified
ORD000418,C0119,2026-07-24,F001,원두,식품,18000,2,0.0,카드,서울,App,verified
ORD000419,C0123,2026-07-24,S003,형광펜,문구,3200,3,0.0,계좌이체,서울,App,verified
ORD000420,C0203,2026-07-13,F002,티 세트,식품,12000,1,0.05,카카오페이,서울,App,verified
ORD000421,C0235,2026-07-10,A003,캡,패션,25000,5,0.0,카드,경기,App,verified
ORD000422,C0231,2026-07-29,S001,노트,문구,4500,6,0.05,카카오페이,광주,App,verified
ORD000423,C0108,2026-07-08,S006,메모지,문구,2500,4,0.0,카드,서울,Web,verified
ORD000424,C0092,2026-07-12,E001,키보드,전자기기,49000,1,0.0,카드,서울,App,verified
ORD000425,C0259,2026-07-27,L005,쿠션,생활,35000,2,0.0,카드,광주,App,verified
ORD000426,C0223,2026-07-08,L003,정리함,생활,19000,9,0.15,카카오페이,서울,App,verified
ORD000427,C0112,2026-07-06,L006,머그컵,생활,14000,2,0.0,카드,,App,verified
ORD000428,C0090,2026-07-07,F005,초콜릿,식품,8000,1,0.0,카드,경기,App,verified
ORD000429,C0187,2026-07-14,S005,바인더,문구,6500,4,0.0,카드,서울,App,verified
ORD000430,C0219,2026-07-07,E005,USB 허브,전자기기,39000,5,0.05,네이버페이,부산,Web,verified
ORD000431,C0288,2026-07-31,E004,웹캠,전자기기,89000,5,,네이버페이,서울 ,App,verified
ORD000432,C0230,2026-07-08,S001,노트,문구,4500,6,0.05,카드,서울,Web,verified
ORD000433,C0195,2026-07-24,A005,스니커즈,패션,119000,1,0.1,카드,대전,App,verified
ORD000434,C0266,2026-07-19,E006,이어폰,전자기기,129000,1,0.0,기타,경기,App,verified
ORD000435,C0063,2026-07-11,S002,펜,문구,1800,6,0.0,카드,부산,App,verified
ORD000436,C0187,2026-07-05,F003,스낵 세트,식품,15000,3,0.0,네이버페이,경기,App,verified
ORD000437,C0264,2026-07-09,L003,정리함,생활,19000,9,0.15,카드,대전,App,verified
ORD000438,C0186,2026-07-19,A003,캡,패션,25000,1,0.0,네이버페이,부산,Web,verified
ORD000439,C0112,2026-07-15,S004,플래너,문구,12000,7,0.0,카드,대구,App,verified
ORD000440,C0294,2026-07-14,E001,키보드,전자기기,49000,1,0.0,카드,경기,App,verified
ORD000441,C0260,2026-07-27,L006,머그컵,생활,14000,3,0.0,네이버페이,서울,Web,verified
ORD000442,C0188,2026-07-24,S006,메모지,문구,2500,4,0.0,카드,서울,Web,verified
ORD000443,C0003,2026-07-17,F001,원두,식품,18000,2,0.0,카카오페이,서울,App,verified
ORD000444,C0196,2026-07-08,A003,캡,패션,25000,1,0.0,카드,부산,App,verified
ORD000445,C0106,2026-07-22,F001,원두,식품,18000,2,0.0,계좌이체,서울,App,verified
ORD000446,C0199,2026-07-13,S004,플래너,문구,12000,7,0.0,카드,서울,App,verified
ORD000447,C0080,2026-07-24,L004,디퓨저,생활,28000,2,0.15,네이버페이,대전,Web,verified
ORD000448,C0234,2026-07-13,S001,노트,문구,4500,4,0.1,카드,경기,Web,verified
ORD000449,C0246,2026-07-09,L006,머그컵,생활,14000,4,0.0,카카오페이,경기,Web,verified
ORD000450,C0095,2026-07-02,E002,마우스,전자기기,29000,3,0.0,카드,대전,App,verified
ORD000451,C0146,2026-07-26,L003,정리함,생활,19000,5,0.0,카드,광주,Web,verified
ORD000452,C0287,2026-07-06,E006,이어폰,전자기기,129000,1,0.0,카드,서울,App,verified
ORD000453,C0254,2026-07-22,E004,웹캠,전자기기,89000,5,,카드,경기,App,verified
ORD000454,C0137,2026-07-24,F002,티 세트,식품,12000,1,0.0,카카오페이,서울,Web,verified
ORD000455,C0210,2026-07-16,L001,텀블러,생활,22000,4,0.0,카드,대전,Web,verified
ORD000456,C0204,2026-07-15,L003,정리함,생활,19000,6,0.05,계좌이체,서울,Web,verified
ORD000457,C0225,2026-07-08,F001,원두,식품,18000,2,0.0,카드,서울,Web,verified
ORD000458,C0098,2026-07-25,A002,후드,패션,69000,2,0.0,카카오페이,경기,Web,verified
ORD000459,C0006,2026-07-02,A001,티셔츠,패션,29000,4,0.1,카드, 경기 ,App,verified
ORD000460,C0072,2026-07-20,F006,견과류,식품,13000,2,0.05,카카오페이,서울,App,verified
ORD000461,C9001,2026-07-10,F003,스낵 세트,식품,15000,2,0.0,카드,경기,App,verified
ORD000462,C0130,2026-07-20,A005,스니커즈,패션,119000,2,0.0,카카오페이,서울,Web,verified
ORD000463,C0137,2026-07-26,A001,티셔츠,패션,29000,4,0.1,카드,대전,App,verified
ORD000464,C0112,2026-07-18,F003,스낵 세트,식품,15000,2,0.0,카드,경기,App,verified
ORD000465,C0210,2026-07-21,F004,그래놀라,식품,11000,1,0.15,카드,부산,Web,verified
ORD000466,C0219,2026-07-16,E001,키보드,전자기기,49000,1,0.0,카드,대구,App,verified
ORD000467,C0261,2026-07-12,A001,티셔츠,패션,29000,2,0.15,계좌이체,서울,App,verified
ORD000468,C0114,2026-07-16,S003,형광펜,문구,3200,1,0.15,기타,서울,App,verified
ORD000469,C0293,2026-07-13,E005,USB 허브,전자기기,39000,5,0.05,카카오페이,서울,App,verified
ORD000470,C0031,2026-07-20,L003,정리함,생활,19000,9,0.15,기타,부산,App,verified
ORD000471,C0037,2026-07-28,F004,그래놀라,식품,11000,1,0.0,계좌이체,부산,Web,verified
ORD000472,C0105,2026-07-23,F003,스낵 세트,식품,15000,3,0.0,카드,서울,App,verified
ORD000473,C0119,2026-07-06,E002,마우스,전자기기,29000,3,0.0,카카오페이,대전,App,verified
ORD000474,C0014,2026-07-29,S001,노트,문구,4500,1,0.0,카드,부산,App,verified
ORD000475,C0053,2026-07-12,A002,후드,패션,69000,2,0.0,카카오페이,대구,App,verified
ORD000476,C0101,2026-07-20,F006,견과류,식품,13000,3,0.1,카카오페이,대전,App,verified
ORD000477,C0107,2026-07-17,L001,텀블러,생활,22000,6,0.2,카카오페이,서울,App,verified
ORD000478,C0263,2026-07-09,A001,티셔츠,패션,29000,4,0.1,카카오페이,,App,verified
ORD000479,C0204,2026-07-07,E004,웹캠,전자기기,89000,5,0.2,카드,서울,App,verified
ORD000480,C0159,2026-07-25,A002,후드,패션,69000,2,0.0,카드,서울,App,verified
ORD000481,C0277,2026-07-29,A001,티셔츠,패션,29000,4,0.1,기타,광주,App,verified
ORD000482,C0107,2026-07-28,S006,메모지,문구,2500,4,0.0,네이버페이,경기,Web,verified
ORD000483,C0287,2026-07-10,E004,웹캠,전자기기,89000,5,0.2,카드,부산,Web,verified
ORD000484,C0111,2026-07-01,S003,형광펜,문구,3200,3,0.0,카드,경기,App,verified
ORD000485,C0139,2026-07-09,F004,그래놀라,식품,11000,1,0.0,카드,광주,App,verified
ORD000486,C0102,2026-07-01,S001,노트,문구,4500,8,0.0,카드,부산,App,verified
ORD000487,C0185,2026-07-27,E005,USB 허브,전자기기,39000,5,0.05,카드,부산,Web,verified
ORD000488,C0187,2026-07-19,A001,티셔츠,패션,29000,4,0.1,카카오페이,광주,App,verified
ORD000489,C0266,2026-07-27,A006,재킷,패션,149000,1,0.2,카드,서울,Web,verified
ORD000490,C0185,2026-07-13,F004,그래놀라,식품,11000,1,0.0,계좌이체,대전,App,verified
ORD000491,C0279,2026-07-19,F004,그래놀라,식품,11000,5,0.0,카드,서울,Web,verified
ORD000492,C0252,2026-07-19,A001,티셔츠,패션,29000,4,0.1,카드,서울,App,verified
ORD000493,C0220,2026-07-23,L003,정리함,생활,19000,9,0.15,카드,서울,App,verified
ORD000494,C0254,2026-07-04,E004,웹캠,전자기기,89000,5,0.2,계좌이체,광주,Web,verified
ORD000495,C0254,2026-07-09,F001,원두,식품,18000,2,0.0,카드,부산,App,verified
ORD000496,C0097,2026-07-08,S001,노트,문구,4500,8,0.0,카드,경기,App,verified
ORD000497,C0186,2026-07-10,S002,펜,문구,1800,6,0.0,카드,부산,App,verified
ORD000498,C0080,2026-07-10,S004,플래너,문구,12000,7,0.15,네이버페이,서울,App,verified
ORD000499,C0298,2026-07-15,E004,웹캠,전자기기,89000,5,0.2,카카오페이,경기,App,verified
ORD000500,C0296,2026-07-17,E004,웹캠,전자기기,89000,5,0.0,카카오페이,경기,Web,verified
ORD000501,C0296,2026-07-13,A001,티셔츠,패션,29000,4,0.1,카드,서울,Web,verified
ORD000502,C0089,2026-07-26,S004,플래너,문구,12000,7,0.0,카카오페이,서울,App,verified
ORD000503,C0212,2026-07-29,E005,USB 허브,전자기기,39000,5,0.05,네이버페이,광주,Web,verified
ORD000504,C0231,2026-07-03,L002,데스크 램프,생활,39000,2,0.0,카드,대전,Web,verified
ORD000505,C0214,2026-07-07,L001,텀블러,생활,22000,4,0.0,카드,경기,App,verified
ORD000506,C0155,2026-07-07,F005,초콜릿,식품,8000,1,0.0,카드,경기,Web,verified
ORD000507,C0219,2026-07-19,F004,그래놀라,식품,11000,1,0.0,카드,대전,App,verified
ORD000508,C0271,2026-07-11,L003,정리함,생활,19000,9,0.15,카카오페이,경기,Web,verified
ORD000509,C0279,2026-07-01,E005,USB 허브,전자기기,39000,5,0.05,카드,대전,Web,verified
ORD000510,C0040,2026-07-28,S002,펜,문구,1800,1,0.0,카카오페이,광주,App,verified
ORD000511,C0288,2026-07-19,F002,티 세트,식품,12000,3,0.1,카드,서울,App,verified
ORD000512,C0264,2026-07-27,F003,스낵 세트,식품,15000,2,0.0,카드,대전,App,verified
ORD000513,C0010,2026-07-26,S002,펜,문구,1800,6,0.0,카카오페이,경기,App,verified
ORD000514,C0088,2026-07-03,E002,마우스,전자기기,29000,3,0.0,카카오페이,대전,App,verified
ORD000515,C0286,2026-07-24,L004,디퓨저,생활,28000,2,0.15,카드,서울,Web,verified
ORD000516,C0290,2026-07-16,L005,쿠션,생활,35000,2,0.0,카카오페이,부산,Web,verified
ORD000517,C0007,2026-07-19,F003,스낵 세트,식품,15000,3,0.0,카카오페이,광주,App,verified
ORD000518,C0125,2026-07-22,S002,펜,문구,1800,6,0.0,카드,부산,App,verified
ORD000519,C0010,2026-07-02,A003,캡,패션,25000,1,0.0,카카오페이,서울,Web,verified
ORD000520,C0271,2026-07-02,L003,정리함,생활,19000,9,0.15,카카오페이,서울,Web,verified
ORD000521,C0024,2026-07-02,F003,스낵 세트,식품,15000,3,0.0,네이버페이,광주,App,verified
ORD000522,C0199,2026-07-27,E001,키보드,전자기기,49000,2,0.05,카드,서울,App,verified
ORD000523,C0184,2026-07-11,L001,텀블러,생활,22000,4,0.0,네이버페이,경기,Web,verified
ORD000524,C0192,2026-07-14,L006,머그컵,생활,14000,4,0.0,네이버페이,대구,App,verified
ORD000525,C0023,2026-07-13,A004,토트백,패션,32000,5,0.0,계좌이체,경기,Web,verified
ORD000526,C0284,2026-07-06,L001,텀블러,생활,22000,4,0.0,카카오페이,서울,App,verified
ORD000527,C0137,2026-07-09,S001,노트,문구,4500,3,0.2,카드,대구,App,verified
ORD000528,C0265,2026-07-07,F002,티 세트,식품,12000,3,0.1,네이버페이,광주,App,verified
ORD000529,C0031,2026-07-03,A003,캡,패션,25000,1,0.0,카드,대전,Web,verified
ORD000530,C0038,2026-07-24,E005,USB 허브,전자기기,39000,5,0.05,카드,대전,Web,verified
ORD000531,C0141,2026-07-24,A002,후드,패션,69000,2,0.0,카드,대구,App,verified
ORD000532,C0061,2026-07-24,L001,텀블러,생활,22000,1,0.0,카카오페이,부산,Web,verified
ORD000533,C0117,2026-07-16,F006,견과류,식품,13000,3,0.1,카드,부산,Web,verified
ORD000534,C0210,2026-07-31,L001,텀블러,생활,22000,1,0.0,네이버페이,대구,App,verified
ORD000535,C0210,2026-07-20,F004,그래놀라,식품,11000,5,0.0,카드,서울,Web,verified
ORD000536,C0226,2026-07-07,S003,형광펜,문구,3200,3,0.0,카드,서울,Web,verified
ORD000537,C0254,2026-07-23,S001,노트,문구,4500,6,0.05,카드,대구,App,verified
ORD000538,C0274,2026-07-30,A001,티셔츠,패션,29000,4,0.1,카카오페이,광주,Web,verified
ORD000539,C0190,2026-07-28,S002,펜,문구,1800,3,0.05,기타,대구,App,verified
ORD000540,C0064,2026-07-24,S006,메모지,문구,2500,4,0.0,카드,부산,App,verified
ORD000541,C0117,2026-07-17,L006,머그컵,생활,14000,4,0.0,카카오페이,서울 ,Web,verified
ORD000542,C0063,2026-07-06,F001,원두,식품,18000,2,0.0,카드,서울,App,verified
ORD000543,C0082,2026-07-13,S002,펜,문구,1800,1,0.2,카드,부산,App,verified
ORD000544,C0119,2026-07-16,F001,원두,식품,18000,2,0.0,네이버페이,서울,App,verified
ORD000545,C0077,2026-07-20,A005,스니커즈,패션,119000,1,0.1,카드,서울,Web,verified
ORD000546,C0247,2026-07-12,S001,노트,문구,4500,3,0.2,카드,경기,App,verified
ORD000547,C0086,2026-07-29,A005,스니커즈,패션,119000,1,0.1,카드,대전,Web,verified
ORD000548,C0034,2026-07-21,L006,머그컵,생활,14000,4,0.0,네이버페이,경기,App,verified
ORD000549,C0149,2026-07-30,S002,펜,문구,1800,1,0.0,카카오페이,경기,App,verified
ORD000550,C0138,2026-07-10,S004,플래너,문구,12000,7,0.0,카드,서울,App,verified
ORD000551,C0262,2026-07-13,S003,형광펜,문구,3200,3,0.0,카카오페이,대전,App,verified
ORD000552,C0014,2026-07-29,L002,데스크 램프,생활,39000,2,0.0,네이버페이,서울,Web,verified
ORD000553,C0078,2026-07-15,F002,티 세트,식품,12000,1,0.0,네이버페이,경기,App,verified
ORD000554,C0138,2026-07-08,S006,메모지,문구,2500,4,0.0,카카오페이,경기,Web,verified
ORD000555,C0194,2026-07-04,S004,플래너,문구,12000,7,0.15,카드,서울,Web,verified
ORD000556,C0195,2026-07-15,L006,머그컵,생활,14000,4,0.0,기타,경기,Web,verified
ORD000557,C0192,2026-07-10,S001,노트,문구,4500,8,0.0,카드,서울,App,verified
ORD000558,C0290,2026-07-02,F003,스낵 세트,식품,15000,2,0.0,카드,경기,App,verified
ORD000559,C0091,2026-07-28,L002,데스크 램프,생활,39000,2,0.0,카카오페이,부산,App,verified
ORD000560,C0222,2026-07-08,A006,재킷,패션,149000,1,0.2,카드,서울,App,verified
ORD000561,C0067,2026-07-12,L003,정리함,생활,19000,9,0.15,카드,부산,App,verified
ORD000562,C0286,2026-07-27,L001,텀블러,생활,22000,1,0.15,카카오페이,경기,App,verified
ORD000563,C0107,2026-07-17,A004,토트백,패션,32000,1,0.05,네이버페이,부산,App,verified
ORD000564,C0080,2026-07-15,A006,재킷,패션,149000,1,0.2,기타,부산,Web,verified
ORD000565,C0211,2026-07-29,F001,원두,식품,18000,2,0.0,카카오페이,부산,App,verified
ORD000566,C0034,2026-07-12,S001,노트,문구,4500,4,0.2,카드,부산,App,verified
ORD000567,C0297,2026-07-01,L001,텀블러,생활,22000,4,0.0,카드,서울,App,verified
ORD000568,C0158,2026-07-04,A001,티셔츠,패션,29000,4,0.1,카드,광주,Web,verified
ORD000569,C0062,2026-07-23,S001,노트,문구,4500,8,0.0,네이버페이,부산,Web,verified
ORD000570,C0006,2026-07-12,L003,정리함,생활,19000,5,0.0,카드,부산,Web,verified
ORD000571,C0286,2026-07-22,E004,웹캠,전자기기,89000,5,,기타,서울,App,verified
ORD000572,C0188,2026-07-20,F002,티 세트,식품,12000,1,0.0,기타,광주,App,verified
ORD000573,C0265,2026-07-09,L001,텀블러,생활,22000,4,0.0,카드,,Web,verified
ORD000574,C0006,2026-07-07,S002,펜,문구,1800,6,0.0,카카오페이,광주,Web,verified
ORD000575,C0069,2026-07-05,F003,스낵 세트,식품,15000,2,0.0,카드,경기,Web,verified
ORD000576,C0009,2026-07-03,S001,노트,문구,4500,3,0.2,네이버페이,서울,App,verified
ORD000577,C0274,2026-07-04,L001,텀블러,생활,22000,4,0.0,네이버페이,서울,Web,verified
ORD000578,C0186,2026-07-06,E004,웹캠,전자기기,89000,5,0.2,네이버페이,경기,App,verified
ORD000579,C0053,2026-07-31,S005,바인더,문구,6500,4,0.0,네이버페이,서울,Web,verified
ORD000580,C0273,2026-07-05,E005,USB 허브,전자기기,39000,5,0.05,카카오페이,서울 ,App,verified
ORD000581,C0247,2026-07-18,S005,바인더,문구,6500,4,0.0,카카오페이,경기,App,verified
ORD000582,C0206,2026-07-19,A003,캡,패션,25000,1,0.0,카드,서울,App,verified
ORD000583,C0218,2026-07-07,L002,데스크 램프,생활,39000,2,0.0,카카오페이,부산,App,verified
ORD000584,C0144,2026-07-16,A006,재킷,패션,149000,1,0.2,네이버페이,서울,App,verified
ORD000585,C0074,2026-07-23,L004,디퓨저,생활,28000,2,0.15,카드,대구,Web,verified
ORD000586,C0051,2026-07-15,E005,USB 허브,전자기기,39000,5,0.05,네이버페이,서울,Web,verified
ORD000587,C0192,2026-07-26,E003,모니터,전자기기,239000,1,,카드,경기,Web,verified
ORD000588,C0052,2026-07-17,L004,디퓨저,생활,28000,2,0.15,카드,경기,Web,verified
ORD000589,C0240,2026-07-14,A001,티셔츠,패션,29000,4,0.1,카드,광주,Web,verified
ORD000590,C0277,2026-07-08,E004,웹캠,전자기기,89000,5,0.0,카드,대전,Web,verified
ORD000591,C0121,2026-07-07,A003,캡,패션,25000,5,0.1,카드,부산,App,verified
ORD000592,C0164,2026-07-17,F005,초콜릿,식품,8000,1,0.0,네이버페이,광주,Web,verified
ORD000593,C0008,2026-07-21,S006,메모지,문구,2500,4,0.0,카카오페이,광주,Web,verified
ORD000594,C0121,2026-07-26,F006,견과류,식품,13000,1,0.15,계좌이체,서울,App,verified
ORD000595,C0033,2026-07-16,L002,데스크 램프,생활,39000,2,0.0,카드,부산,App,verified
ORD000596,C0145,2026-07-30,A001,티셔츠,패션,29000,4,0.1,카카오페이,서울,App,verified
ORD000597,C0085,2026-07-14,S001,노트,문구,4500,4,0.2,네이버페이,광주,Web,verified
ORD000598,C0224,2026-07-11,F004,그래놀라,식품,11000,1,0.15,계좌이체,서울,Web,verified
ORD000599,C0055,2026-07-12,L001,텀블러,생활,22000,4,0.0,네이버페이,,App,verified
ORD000600,C0029,2026-07-21,L006,머그컵,생활,14000,2,0.0,카드,서울,App,verified
ORD000601,C0058,2026-07-09,L001,텀블러,생활,22000,4,0.0,기타,,App,verified
ORD000602,C0094,2026-07-29,E001,키보드,전자기기,49000,5,,기타,서울,App,verified
ORD000603,C0028,2026-07-19,S005,바인더,문구,6500,4,0.0,카드,경기,App,verified
ORD000604,C0291,2026-07-02,F004,그래놀라,식품,11000,1,0.15,카드,서울,Web,verified
ORD000605,C0008,2026-07-03,F001,원두,식품,18000,2,0.0,카드,경기,App,verified
ORD000606,C0280,2026-07-06,L003,정리함,생활,19000,3,0.0,카드,서울 ,Web,verified
ORD000607,C0104,2026-07-21,E003,모니터,전자기기,239000,1,,네이버페이,서울,Web,verified
ORD000608,C0230,2026-07-03,A004,토트백,패션,32000,5,0.0,계좌이체,부산,App,verified
ORD000609,C0199,2026-07-06,E002,마우스,전자기기,29000,3,0.05,카드,경기,App,verified
ORD000610,C0290,2026-07-13,F003,스낵 세트,식품,15000,2,0.0,카드,경기,App,verified
ORD000611,C0131,2026-07-04,S002,펜,문구,1800,6,0.0,카카오페이,서울,App,verified
ORD000612,C0293,2026-07-25,S004,플래너,문구,12000,7,0.0,카카오페이,대전,Web,verified
ORD000613,C0248,2026-07-22,E005,USB 허브,전자기기,39000,5,0.05,카드,부산,Web,verified
ORD000614,C0078,2026-07-29,E001,키보드,전자기기,49000,1,0.0,기타,대전,App,verified
ORD000615,C0252,2026-07-26,E001,키보드,전자기기,49000,5,,카드,경기,App,verified
ORD000616,C0060,2026-07-06,F005,초콜릿,식품,8000,1,0.0,카드,광주,Web,verified
ORD000617,C0185,2026-07-04,E003,모니터,전자기기,239000,1,,계좌이체,서울,Web,verified
ORD000618,C0124,2026-07-02,S004,플래너,문구,12000,7,0.0,카드,서울,App,verified
ORD000619,C0296,2026-07-03,E001,키보드,전자기기,49000,1,0.0,기타,대구,App,verified
ORD000620,C0120,2026-07-16,S003,형광펜,문구,3200,3,0.1,네이버페이,서울,Web,verified
ORD000621,C0109,2026-07-15,F001,원두,식품,18000,2,0.0,카카오페이,서울,App,verified
ORD000622,C0298,2026-07-02,E001,키보드,전자기기,49000,1,0.0,카드,대전,App,verified
ORD000623,C0212,2026-07-06,E002,마우스,전자기기,29000,3,0.0,카카오페이,부산,App,verified
ORD000624,C0081,2026-07-17,S002,펜,문구,1800,3,0.05,계좌이체,경기,App,verified
ORD000625,C0245,2026-07-03,A006,재킷,패션,149000,1,0.2,카드,서울,App,verified
ORD000626,C0264,2026-07-19,F005,초콜릿,식품,8000,1,0.0,카드,광주,Web,verified
ORD000627,C0274,2026-07-28,F001,원두,식품,18000,2,0.0,카드,서울,App,verified
ORD000628,C0183,2026-07-06,F005,초콜릿,식품,8000,5,0.0,카카오페이,서울,Web,verified
ORD000629,C0162,2026-07-31,L002,데스크 램프,생활,39000,2,0.0,카드,대구,Web,verified
ORD000630,C0183,2026-07-12,L006,머그컵,생활,14000,4,0.0,네이버페이,부산,App,verified
ORD000631,C0002,2026-07-14,A005,스니커즈,패션,119000,1,0.1,카카오페이,경기,App,verified
ORD000632,C0242,2026-07-30,A001,티셔츠,패션,29000,3,0.0,카드,부산,App,verified
ORD000633,C0004,2026-07-30,L004,디퓨저,생활,28000,2,0.15,카드,서울,App,verified
ORD000634,C0018,2026-07-26,F004,그래놀라,식품,11000,1,0.0,계좌이체,광주,App,verified
ORD000635,C0230,2026-07-04,F001,원두,식품,18000,2,0.0,네이버페이,서울,Web,verified
ORD000636,C0213,2026-07-28,L003,정리함,생활,19000,5,0.0,카카오페이,서울,App,verified
ORD000637,C0251,2026-07-27,A002,후드,패션,69000,2,0.0,카드,대구,App,verified
ORD000638,C0289,2026-07-05,A004,토트백,패션,32000,1,0.05,카드,서울,Web,verified
ORD000639,C0280,2026-07-25,S006,메모지,문구,2500,4,0.0,카드,부산,App,verified
ORD000640,C0050,2026-07-20,A002,후드,패션,69000,2,0.0,카카오페이,서울,Web,verified
ORD000641,C0045,2026-07-05,S002,펜,문구,1800,1,0.0,카드, 광주,App,verified
ORD000642,C0153,2026-07-07,A003,캡,패션,25000,1,0.0,네이버페이,부산,App,verified
ORD000643,C0275,2026-07-28,L003,정리함,생활,19000,9,0.15,카드,부산,App,verified
ORD000644,C0253,2026-07-28,S001,노트,문구,4500,1,0.0,카카오페이,경기,App,verified
ORD000645,C0062,2026-07-03,F002,티 세트,식품,12000,1,0.0,계좌이체,경기,App,verified
ORD000646,C0299,2026-07-03,S003,형광펜,문구,3200,3,0.0,카드,서울,Web,verified
ORD000647,C0229,2026-07-24,A003,캡,패션,25000,1,0.0,네이버페이,대구,Web,verified
ORD000648,C0011,2026-07-06,S003,형광펜,문구,3200,3,0.0,카드,대전,Web,verified
ORD000649,C0005,2026-07-30,F006,견과류,식품,13000,1,0.05,카카오페이, 경기 ,App,verified
ORD000650,C0253,2026-07-06,E002,마우스,전자기기,29000,3,0.0,네이버페이,서울,App,verified
ORD000651,C0032,2026-07-11,F001,원두,식품,18000,2,0.0,카드,대구,Web,verified
ORD000652,C0241,2026-07-17,F001,원두,식품,18000,2,0.0,계좌이체,부산,App,verified
ORD000653,C0261,2026-07-03,F004,그래놀라,식품,11000,1,0.15,네이버페이,서울,App,verified
ORD000654,C0001,2026-07-29,S001,노트,문구,4500,1,0.05,카드,경기,App,verified
ORD000655,C0203,2026-07-25,S004,플래너,문구,12000,7,0.15,카드,경기,Web,verified
ORD000656,C0251,2026-07-15,F002,티 세트,식품,12000,1,0.05,카드,경기,App,verified
ORD000657,C0239,2026-07-16,L001,텀블러,생활,22000,4,0.0,카드,서울,Web,verified
ORD000658,C0244,2026-07-22,S006,메모지,문구,2500,4,0.0,카드,광주,Web,verified
ORD000659,C0275,2026-07-17,L006,머그컵,생활,14000,3,0.0,카카오페이,대전,App,verified
ORD000660,C0207,2026-07-21,E002,마우스,전자기기,29000,3,0.0,계좌이체,경기,Web,verified
ORD000661,C0047,2026-07-28,L001,텀블러,생활,22000,6,0.2,네이버페이,광주,Web,verified
ORD000662,C0298,2026-07-21,L004,디퓨저,생활,28000,2,0.15,네이버페이,서울,App,verified
ORD000663,C0161,2026-07-11,E005,USB 허브,전자기기,39000,5,0.05,네이버페이,경기,Web,verified
ORD000664,C0076,2026-07-14,F001,원두,식품,18000,2,0.0,카드,서울,Web,verified
ORD000665,C0276,2026-07-15,F002,티 세트,식품,12000,3,0.1,카드,대전,App,verified
ORD000666,C0004,2026-07-09,L003,정리함,생활,19000,5,0.0,카드,부산,Web,verified
ORD000667,C0208,2026-07-08,F003,스낵 세트,식품,15000,2,0.0,카카오페이,대구,Web,verified
ORD000668,C0200,2026-07-15,E001,키보드,전자기기,49000,1,0.0,카드,경기,Web,verified
ORD000669,C0236,2026-07-24,E006,이어폰,전자기기,129000,1,0.0,계좌이체,대구,Web,verified
ORD000670,C0135,2026-07-08,F003,스낵 세트,식품,15000,3,0.0,네이버페이,대구,Web,verified
ORD000671,C0191,2026-07-25,F003,스낵 세트,식품,15000,3,0.0,카드,대전,App,verified
ORD000672,C0066,2026-07-04,F001,원두,식품,18000,2,0.0,카드,서울,Web,verified
ORD000673,C0038,2026-07-08,A002,후드,패션,69000,2,0.0,네이버페이,경기,App,verified
ORD000674,C0058,2026-07-12,L001,텀블러,생활,22000,4,0.0,계좌이체,서울,Web,verified
ORD000675,C0130,2026-07-18,L002,데스크 램프,생활,39000,2,0.0,카카오페이,부산,Web,verified
ORD000676,C0194,2026-07-26,F003,스낵 세트,식품,15000,2,0.0,카드,서울,Web,verified
ORD000677,C0057,2026-07-06,E002,마우스,전자기기,29000,3,0.0,카드,대구,App,verified
ORD000678,C0164,2026-07-25,L004,디퓨저,생활,28000,2,0.15,카드,경기,App,verified
ORD000679,C0034,2026-07-21,L002,데스크 램프,생활,39000,2,0.0,계좌이체,부산,Web,verified
ORD000680,C0051,2026-07-24,A005,스니커즈,패션,119000,1,0.1,카카오페이,서울,App,verified
ORD000681,C0285,2026-07-29,E006,이어폰,전자기기,129000,10,0.2,카드,대구,Web,verified
ORD000682,C0200,2026-07-27,E002,마우스,전자기기,29000,3,0.0,기타,부산,Web,verified
ORD000683,C0075,2026-07-16,L005,쿠션,생활,35000,2,0.0,기타,대구,App,verified
ORD000684,C0148,2026-07-05,L004,디퓨저,생활,28000,2,0.15,카드,,App,verified
ORD000685,C0257,2026-07-11,E003,모니터,전자기기,239000,1,,카드,서울,App,verified
ORD000686,C0259,2026-07-29,S002,펜,문구,1800,6,0.0,카카오페이,광주,Web,verified
ORD000687,C0276,2026-07-20,L005,쿠션,생활,35000,2,0.0,카드,광주,Web,verified
ORD000688,C0091,2026-07-14,L005,쿠션,생활,35000,2,0.0,카드,부산,Web,verified
ORD000689,C0206,2026-07-19,A001,티셔츠,패션,29000,4,0.1,카드,서울,App,verified
ORD000690,C0217,2026-07-02,E003,모니터,전자기기,239000,1,,카드,부산,Web,verified
ORD000691,C0278,2026-07-11,A005,스니커즈,패션,119000,1,0.1,카드,경기,Web,verified
ORD000692,C0258,2026-07-27,A001,티셔츠,패션,29000,4,0.1,계좌이체,대전,App,verified
ORD000693,C0232,2026-07-25,A001,티셔츠,패션,29000,4,0.1,계좌이체,,App,verified
ORD000694,C0129,2026-07-30,A002,후드,패션,69000,2,0.0,카드,경기,App,verified
ORD000695,C0295,2026-07-10,L006,머그컵,생활,14000,3,0.0,카카오페이,서울,Web,verified
ORD000696,C0032,2026-07-15,F004,그래놀라,식품,11000,1,0.0,카카오페이,대전,App,verified
ORD000697,C0144,2026-07-09,S003,형광펜,문구,3200,3,0.0,카드,서울,App,verified
ORD000698,C0015,2026-07-23,L004,디퓨저,생활,28000,2,0.15,카드,,Web,verified
ORD000699,C0255,2026-07-02,S005,바인더,문구,6500,4,0.0,네이버페이,경기,Web,verified
ORD000700,C0246,2026-07-17,A005,스니커즈,패션,119000,1,0.1,네이버페이,부산,App,verified
ORD000701,C0282,2026-07-19,F002,티 세트,식품,12000,1,0.0,카드,경기,Web,verified
ORD000702,C0285,2026-07-26,F002,티 세트,식품,12000,3,0.1,카카오페이,서울,Web,verified
ORD000703,C0259,2026-07-21,F005,초콜릿,식품,8000,1,0.0,카드,경기,Web,verified
ORD000704,C0162,2026-07-16,S002,펜,문구,1800,1,0.05,카드,경기,App,verified
ORD000705,C0159,2026-07-30,L006,머그컵,생활,14000,4,0.0,네이버페이,서울,Web,verified
ORD000706,C0286,2026-07-25,F004,그래놀라,식품,11000,1,0.0,카드,대전,Web,verified
ORD000707,C0019,2026-07-24,L006,머그컵,생활,14000,3,0.0,카카오페이,경기,App,verified
ORD000708,C0007,2026-07-02,F003,스낵 세트,식품,15000,2,0.0,카드,경기,Web,verified
ORD000709,C0051,2026-07-23,F003,스낵 세트,식품,15000,3,0.0,카드,서울,Web,verified
ORD000710,C0091,2026-07-13,S002,펜,문구,1800,1,0.0,카드,광주,App,verified
ORD000711,C0037,2026-07-30,S002,펜,문구,1800,3,0.05,카카오페이,서울,Web,verified
ORD000712,C0029,2026-07-18,S006,메모지,문구,2500,3,0.1,네이버페이,서울,Web,verified
ORD000713,C0088,2026-07-24,F005,초콜릿,식품,8000,1,0.0,네이버페이,서울,App,verified
ORD000714,C0255,2026-07-11,E001,키보드,전자기기,49000,1,0.0,기타,경기,App,verified
ORD000715,C0250,2026-07-22,E001,키보드,전자기기,49000,2,0.05,카드,경기,Web,verified
ORD000716,C0087,2026-07-29,F003,스낵 세트,식품,15000,3,0.0,카카오페이,경기,App,verified
ORD000717,C0037,2026-07-01,S001,노트,문구,4500,1,0.0,계좌이체,경기,App,verified
ORD000718,C0217,2026-07-01,F005,초콜릿,식품,8000,1,0.0,계좌이체,서울,App,verified
ORD000719,C0054,2026-07-31,F005,초콜릿,식품,8000,1,0.0,카드,광주,Web,verified
ORD000720,C0286,2026-07-30,F003,스낵 세트,식품,15000,2,0.0,카카오페이,서울,App,verified
ORD000721,C0070,2026-07-13,L005,쿠션,생활,35000,2,0.0,카드,서울 ,App,verified
ORD000722,C0083,2026-07-02,A003,캡,패션,25000,1,0.0,기타,서울,Web,verified
ORD000723,C0209,2026-07-04,L004,디퓨저,생활,28000,2,0.15,카카오페이,대구,App,verified
ORD000724,C0111,2026-07-24,E001,키보드,전자기기,49000,1,0.0,카드,대전,App,verified
ORD000725,C0146,2026-07-10,F002,티 세트,식품,12000,3,0.1,카드,서울,App,verified
ORD000726,C0040,2026-07-24,L005,쿠션,생활,35000,2,0.0,네이버페이,서울,Web,verified
ORD000727,C0017,2026-07-27,F003,스낵 세트,식품,15000,2,0.0,카드,부산,App,verified
ORD000728,C0290,2026-07-22,E002,마우스,전자기기,29000,3,0.0,카드,대전,App,verified
ORD000729,C0091,2026-07-29,A006,재킷,패션,149000,1,0.2,카드,대구,Web,verified
ORD000730,C0292,2026-07-22,A001,티셔츠,패션,29000,4,0.1,카카오페이,서울,App,verified
ORD000731,C0191,2026-07-23,F005,초콜릿,식품,8000,1,0.0,기타,서울,App,verified
ORD000732,C0240,2026-07-05,F006,견과류,식품,13000,2,0.0,카드,부산 ,App,verified
ORD000733,C0215,2026-07-20,S002,펜,문구,1800,1,0.1,카카오페이,서울,Web,verified
ORD000734,C0182,2026-07-21,E006,이어폰,전자기기,129000,1,0.0,계좌이체,경기,App,verified
ORD000735,C0130,2026-07-28,F005,초콜릿,식품,8000,1,0.0,네이버페이,서울,App,verified
ORD000736,C0291,2026-07-12,E004,웹캠,전자기기,89000,5,0.2,카드,부산,Web,verified
ORD000737,C0021,2026-07-12,S002,펜,문구,1800,6,0.0,카드,서울,Web,verified
ORD000738,C0038,2026-07-30,S002,펜,문구,1800,6,0.0,네이버페이,서울,App,verified
ORD000739,C0046,2026-07-18,S001,노트,문구,4500,8,0.0,계좌이체,경기,App,verified
ORD000740,C0126,2026-07-16,S002,펜,문구,1800,3,0.05,카드,경기,App,verified
ORD000741,C0141,2026-07-03,A001,티셔츠,패션,29000,4,0.05,카카오페이,광주,Web,verified
ORD000742,C0297,2026-07-07,E002,마우스,전자기기,29000,3,0.0,카카오페이,서울,App,verified
ORD000743,C0017,2026-07-26,L001,텀블러,생활,22000,1,0.0,카드,부산,App,verified
ORD000744,C0044,2026-07-28,L002,데스크 램프,생활,39000,2,0.0,카드,서울,App,verified
ORD000745,C0245,2026-07-27,E002,마우스,전자기기,29000,3,0.0,계좌이체,서울 ,Web,verified
ORD000746,C0274,2026-07-13,E002,마우스,전자기기,29000,3,0.05,카드,부산,Web,verified
ORD000747,C0283,2026-07-27,A002,후드,패션,69000,2,0.0,카드,서울,Web,verified
ORD000748,C0249,2026-07-05,L006,머그컵,생활,14000,4,0.0,카카오페이,서울,App,verified
ORD000749,C0112,2026-07-16,E001,키보드,전자기기,49000,1,0.0,카드,서울,App,verified
ORD000750,C0208,2026-07-20,E006,이어폰,전자기기,129000,1,0.0,카카오페이,부산,Web,verified
ORD000751,C0007,2026-07-19,S004,플래너,문구,12000,7,0.0,네이버페이,부산,App,verified
ORD000752,C0204,2026-07-25,E002,마우스,전자기기,29000,3,0.0,카드,서울,Web,verified
ORD000753,C0097,2026-07-25,F006,견과류,식품,13000,3,0.1,카드,부산,Web,verified
ORD000754,C0230,2026-07-08,E006,이어폰,전자기기,129000,1,0.0,네이버페이,부산,Web,verified
ORD000755,C0122,2026-07-15,E001,키보드,전자기기,49000,1,0.0,카카오페이,부산,Web,verified
ORD000756,C0261,2026-07-17,A003,캡,패션,25000,1,0.0,카카오페이,부산,App,verified
ORD000757,C0182,2026-07-18,E003,모니터,전자기기,239000,1,,카드,경기,App,verified
ORD000758,C0131,2026-07-31,S006,메모지,문구,2500,4,0.0,카드,경기,Web,verified
ORD000759,C0200,2026-07-19,A001,티셔츠,패션,29000,4,0.1,카카오페이,부산,Web,verified
ORD000760,C0092,2026-07-24,S005,바인더,문구,6500,5,0.1,계좌이체,부산,App,verified
ORD000761,C0226,2026-07-27,S002,펜,문구,1800,1,0.0,기타,서울 ,App,verified
ORD000762,C0240,2026-07-10,A001,티셔츠,패션,29000,4,0.1,카카오페이,광주,App,verified
ORD000763,C0155,2026-07-23,L002,데스크 램프,생활,39000,2,0.0,카드,대구,App,verified
ORD000764,C0226,2026-07-08,A004,토트백,패션,32000,5,0.0,카카오페이,광주,App,verified
ORD000765,C0221,2026-07-14,L003,정리함,생활,19000,5,0.0,카카오페이,서울,Web,verified
ORD000766,C0292,2026-07-26,F003,스낵 세트,식품,15000,2,0.0,계좌이체,서울,App,verified
ORD000767,C0254,2026-07-31,A003,캡,패션,25000,1,0.0,카드,대전,Web,verified
ORD000768,C0261,2026-07-05,S004,플래너,문구,12000,7,0.0,네이버페이,서울,App,verified
ORD000769,C0292,2026-07-23,E001,키보드,전자기기,49000,2,0.05,카카오페이,서울,App,verified
ORD000770,C0003,2026-07-10,F005,초콜릿,식품,8000,1,0.0,카드,서울,App,verified
ORD000771,C0162,2026-07-14,L002,데스크 램프,생활,39000,2,0.0,계좌이체,광주,App,verified
ORD000772,C0147,2026-07-09,A004,토트백,패션,32000,1,0.05,카드,대구,App,verified
ORD000773,C0202,2026-07-07,E002,마우스,전자기기,29000,3,0.05,네이버페이,서울,App,verified
ORD000774,C0101,2026-07-25,F001,원두,식품,18000,2,0.0,기타,서울,Web,verified
ORD000775,C0073,2026-07-09,S001,노트,문구,4500,8,0.0,기타,서울,Web,verified
ORD000776,C0100,2026-07-28,E006,이어폰,전자기기,129000,1,0.0,카드,경기,App,verified
ORD000777,C0278,2026-07-26,S002,펜,문구,1800,3,0.05,카드,대구,App,verified
ORD000778,C0197,2026-07-20,L001,텀블러,생활,22000,1,0.0,카드,대구,App,verified
ORD000779,C0253,2026-07-07,E001,키보드,전자기기,49000,5,,카카오페이,부산,Web,verified
ORD000780,C0122,2026-07-07,L006,머그컵,생활,14000,3,0.0,네이버페이,경기,App,verified
ORD000781,C0247,2026-07-23,E002,마우스,전자기기,29000,3,0.05,계좌이체,경기,App,verified
ORD000782,C0274,2026-07-07,E001,키보드,전자기기,49000,1,0.0,카드,부산,Web,verified
ORD000783,C0027,2026-07-18,E002,마우스,전자기기,29000,3,0.0,네이버페이,서울,App,verified
ORD000784,C0037,2026-07-24,F002,티 세트,식품,12000,1,0.0,네이버페이,광주,Web,verified
ORD000785,C0287,2026-07-18,L002,데스크 램프,생활,39000,2,0.0,네이버페이,경기,App,verified
ORD000786,C0065,2026-07-20,S003,형광펜,문구,3200,3,0.0,네이버페이,대구,App,verified
ORD000787,C0243,2026-07-04,E002,마우스,전자기기,29000,3,0.05,카드,광주,App,verified
ORD000788,C0227,2026-07-02,S004,플래너,문구,12000,7,0.05,계좌이체,경기,App,verified
ORD000789,C0062,2026-07-18,F003,스낵 세트,식품,15000,2,0.0,카드,경기,App,verified
ORD000790,C0230,2026-07-30,S001,노트,문구,4500,1,0.05,카드,경기,Web,verified
ORD000791,C0208,2026-07-11,F004,그래놀라,식품,11000,1,0.0,카드,광주,App,verified
ORD000792,C0285,2026-07-06,L006,머그컵,생활,14000,4,0.0,카드,서울,Web,verified
ORD000793,C0034,2026-07-02,S003,형광펜,문구,3200,3,0.0,네이버페이,경기,App,verified
ORD000794,C0072,2026-07-27,A006,재킷,패션,149000,1,0.2,네이버페이,대전,Web,verified
ORD000795,C0049,2026-07-01,F003,스낵 세트,식품,15000,2,0.0,카드,서울,Web,verified
ORD000796,C0217,2026-07-15,S003,형광펜,문구,3200,3,0.0,네이버페이,경기,Web,verified
ORD000797,C0078,2026-07-20,S005,바인더,문구,6500,4,0.0,네이버페이,광주,Web,verified
ORD000798,C0119,2026-07-09,F005,초콜릿,식품,8000,5,0.0,카드,서울,App,verified
ORD000799,C0186,2026-07-14,S006,메모지,문구,2500,4,0.0,카드,광주,Web,verified
ORD000800,C0222,2026-07-14,A004,토트백,패션,32000,5,0.0,카카오페이,대전,Web,verified
ORD000801,C0222,2026-07-27,E002,마우스,전자기기,29000,3,0.0,카카오페이,서울,App,verified
ORD000802,C0218,2026-07-27,F001,원두,식품,18000,2,0.0,카카오페이,경기,Web,verified
ORD000803,C0013,2026-07-06,A003,캡,패션,25000,1,0.0,카드,대전,App,verified
ORD000804,C0124,2026-07-28,S002,펜,문구,1800,4,0.2,계좌이체,서울,App,verified
ORD000805,C0154,2026-07-31,F003,스낵 세트,식품,15000,2,0.0,네이버페이,부산,Web,verified
ORD000806,C0054,2026-07-23,L001,텀블러,생활,22000,4,0.0,카카오페이,대전,App,verified
ORD000807,C0184,2026-07-13,F001,원두,식품,18000,2,0.0,카드,서울,Web,verified
ORD000808,C0289,2026-07-11,E001,키보드,전자기기,49000,1,0.0,카드,부산,Web,verified
ORD000809,C0181,2026-07-22,F001,원두,식품,18000,2,0.0,카카오페이, 대전,App,verified
ORD000810,C0077,2026-07-25,L004,디퓨저,생활,28000,2,0.15,네이버페이,대전,App,verified
ORD000811,C0101,2026-07-21,S004,플래너,문구,12000,7,0.0,카드,경기,App,verified
ORD000812,C0201,2026-07-11,F003,스낵 세트,식품,15000,2,0.0,계좌이체,부산,App,verified
ORD000813,C0035,2026-07-23,A002,후드,패션,69000,2,0.0,네이버페이,서울,Web,verified
ORD000814,C0236,2026-07-14,E003,모니터,전자기기,239000,3,,카카오페이,부산,Web,verified
ORD000815,C0073,2026-07-10,S005,바인더,문구,6500,4,0.0,카카오페이,서울,App,verified
ORD000816,C0100,2026-07-04,L005,쿠션,생활,35000,2,0.0,카드,경기,Web,verified
ORD000817,C0134,2026-07-17,S006,메모지,문구,2500,4,0.0,계좌이체,부산,App,verified
ORD000818,C0045,2026-07-31,S005,바인더,문구,6500,4,0.0,계좌이체,서울,App,verified
ORD000819,C0130,2026-07-05,F001,원두,식품,18000,2,0.0,카드,서울,Web,verified
ORD000820,C0281,2026-07-15,S006,메모지,문구,2500,4,0.0,네이버페이,광주,App,verified
ORD000821,C0108,2026-07-06,F001,원두,식품,18000,1,0.05,네이버페이,부산,Web,verified
ORD000822,C0002,2026-07-28,S001,노트,문구,4500,4,0.2,카드,서울,Web,verified
ORD000823,C9004,2026-07-11,L003,정리함,생활,19000,5,0.0,네이버페이,경기,App,verified
ORD000824,C0165,2026-07-26,S002,펜,문구,1800,6,0.0,계좌이체,서울,Web,verified
ORD000825,C0077,2026-07-04,S004,플래너,문구,12000,7,0.0,기타,경기,Web,verified
ORD000826,C0233,2026-07-30,F002,티 세트,식품,12000,3,0.1,네이버페이,대구,Web,verified
ORD000827,C0238,2026-07-30,F004,그래놀라,식품,11000,1,0.0,계좌이체,서울,Web,verified
ORD000828,C0085,2026-07-18,L002,데스크 램프,생활,39000,2,0.0,카드,대전,Web,verified
ORD000829,C0018,2026-07-14,F006,견과류,식품,13000,3,0.1,네이버페이,부산,App,verified
ORD000830,C0252,2026-07-25,F002,티 세트,식품,12000,1,0.0,카드,경기,App,verified
ORD000831,C0226,2026-07-04,F004,그래놀라,식품,11000,1,0.0,카드,대전,Web,verified
ORD000832,C0143,2026-07-07,S003,형광펜,문구,3200,3,0.0,카카오페이,대구,App,verified
ORD000833,C0146,2026-07-27,S002,펜,문구,1800,3,0.05,카카오페이,대구,App,verified
ORD000834,C0056,2026-07-13,S005,바인더,문구,6500,4,0.0,네이버페이,대구,Web,verified
ORD000835,C0185,2026-07-14,S001,노트,문구,4500,8,0.0,카카오페이,경기,App,verified
ORD000836,C0187,2026-07-06,A004,토트백,패션,32000,1,0.05,카카오페이,부산,App,verified
ORD000837,C0094,2026-07-31,E001,키보드,전자기기,49000,1,0.0,계좌이체,서울,App,verified
ORD000838,C0235,2026-07-29,E006,이어폰,전자기기,129000,1,0.0,카카오페이,부산,App,verified
ORD000839,C0278,2026-07-31,E003,모니터,전자기기,239000,1,,카드,경기,Web,verified
ORD000840,C0189,2026-07-01,L003,정리함,생활,19000,5,0.0,카드,서울,Web,verified
ORD000841,C0275,2026-07-09,S001,노트,문구,4500,3,0.2,카드,대전,App,verified
ORD000842,C0244,2026-07-13,S006,메모지,문구,2500,4,0.0,카드,부산,Web,verified
ORD000843,C0278,2026-07-23,E006,이어폰,전자기기,129000,3,0.0,카드,서울,Web,verified
ORD000844,C0104,2026-07-15,F003,스낵 세트,식품,15000,2,0.0,카드,경기,Web,verified
ORD000845,C0279,2026-07-04,A006,재킷,패션,149000,1,0.2,카드,대전,Web,verified
ORD000846,C0257,2026-07-21,F002,티 세트,식품,12000,3,,카카오페이,서울,Web,verified
ORD000847,C0284,2026-07-25,S001,노트,문구,4500,3,0.2,기타,경기,Web,verified
ORD000848,C0207,2026-07-05,S001,노트,문구,4500,8,0.0,카드,서울,App,verified
ORD000849,C0299,2026-07-05,A005,스니커즈,패션,119000,2,0.15,카드,대전,App,verified
ORD000850,C0080,2026-07-01,F003,스낵 세트,식품,15000,2,0.0,카드,부산,Web,verified
ORD000851,C0030,2026-07-13,A003,캡,패션,25000,1,0.0,카카오페이,대구,App,verified
ORD000852,C0110,2026-07-13,L001,텀블러,생활,22000,1,0.15,카드,대구,App,verified
ORD000853,C0252,2026-07-31,A005,스니커즈,패션,119000,1,0.1,계좌이체,서울,App,verified
ORD000854,C0021,2026-07-20,A004,토트백,패션,32000,4,0.1,카드,대구,Web,verified
ORD000855,C0181,2026-07-05,F003,스낵 세트,식품,15000,2,0.0,계좌이체,부산,App,verified
ORD000856,C0183,2026-07-14,L004,디퓨저,생활,28000,2,0.15,카드,경기,App,verified
ORD000857,C0165,2026-07-27,E001,키보드,전자기기,49000,1,0.0,카드,경기,Web,verified
ORD000858,C0208,2026-07-11,S004,플래너,문구,12000,7,0.05,카카오페이,서울,Web,verified
ORD000859,C0123,2026-07-27,S001,노트,문구,4500,6,0.05,카드,경기,Web,verified
ORD000860,C0188,2026-07-26,A005,스니커즈,패션,119000,1,0.1,카카오페이,부산,App,verified
ORD000861,C0149,2026-07-24,F002,티 세트,식품,12000,1,0.05,카드,서울,Web,verified
ORD000862,C0116,2026-07-22,L001,텀블러,생활,22000,1,0.0,기타,서울,App,verified
ORD000863,C0019,2026-07-29,A003,캡,패션,25000,1,0.0,네이버페이,대전,App,verified
ORD000864,C0273,2026-07-11,E004,웹캠,전자기기,89000,5,0.2,카드,서울,App,verified
ORD000865,C0014,2026-07-29,L002,데스크 램프,생활,39000,2,0.0,네이버페이,광주,App,verified
ORD000866,C0276,2026-07-31,A005,스니커즈,패션,119000,1,0.1,카드,대전,App,verified
ORD000867,C0113,2026-07-14,S002,펜,문구,1800,1,0.0,카드,경기,Web,verified
ORD000868,C0026,2026-07-27,S003,형광펜,문구,3200,3,0.0,카카오페이,경기,Web,verified
ORD000869,C0294,2026-07-17,F001,원두,식품,18000,2,0.0,카드,서울,App,verified
ORD000870,C0259,2026-07-30,A004,토트백,패션,32000,1,0.05,네이버페이,서울,Web,verified
ORD000871,C0186,2026-07-24,E001,키보드,전자기기,49000,12,,카드,,Web,verified
ORD000872,C0133,2026-07-06,F002,티 세트,식품,12000,1,0.05,카드,경기,App,verified
ORD000873,C0288,2026-07-04,E003,모니터,전자기기,239000,3,,카카오페이,부산,Web,verified
ORD000874,C0005,2026-07-14,F006,견과류,식품,13000,1,0.15,카드,경기,App,verified
ORD000875,C0235,2026-07-04,A003,캡,패션,25000,1,0.0,카카오페이,부산,App,verified
ORD000876,C0149,2026-07-30,F006,견과류,식품,13000,2,0.05,카드,경기,App,verified
ORD000877,C0276,2026-07-03,F003,스낵 세트,식품,15000,3,0.0,카드,광주,Web,verified
ORD000878,C0202,2026-07-17,S001,노트,문구,4500,4,0.1,카드,서울,Web,verified
ORD000879,C0109,2026-07-05,F004,그래놀라,식품,11000,1,0.15,카드,부산,App,verified
ORD000880,C0086,2026-07-29,A004,토트백,패션,32000,5,0.0,카드,대전,App,verified
ORD000881,C0284,2026-07-29,S002,펜,문구,1800,4,0.2,카드,부산,App,verified
ORD000882,C0191,2026-07-06,F003,스낵 세트,식품,15000,3,0.0,카카오페이,부산,Web,verified
ORD000883,C0120,2026-07-27,F006,견과류,식품,13000,3,0.1,계좌이체,광주,App,verified
ORD000884,C0042,2026-07-21,F001,원두,식품,18000,2,0.0,계좌이체,경기,App,verified
ORD000885,C0282,2026-07-17,E002,마우스,전자기기,29000,3,0.0,카드,,App,verified
ORD000886,C0153,2026-07-03,S005,바인더,문구,6500,4,0.0,계좌이체,대전,Web,verified
ORD000887,C0119,2026-07-10,F005,초콜릿,식품,8000,5,0.1,카드,경기,App,verified
ORD000888,C0198,2026-07-06,L002,데스크 램프,생활,39000,2,0.0,카드,경기,Web,verified
ORD000889,C0127,2026-07-15,L002,데스크 램프,생활,39000,2,0.0,카드,부산,Web,verified
ORD000890,C0209,2026-07-09,F002,티 세트,식품,12000,1,0.0,카드,경기,App,verified
ORD000891,C0125,2026-07-02,S002,펜,문구,1800,6,0.0,카드,대전,Web,verified
ORD000892,C0295,2026-07-30,E004,웹캠,전자기기,89000,5,0.0,카드,서울,App,verified
ORD000893,C0285,2026-07-08,F003,스낵 세트,식품,15000,2,0.0,카드,부산,App,verified
ORD000894,C0002,2026-07-16,S001,노트,문구,4500,8,0.0,카카오페이,대전,App,verified
ORD000895,C0191,2026-07-25,E002,마우스,전자기기,29000,3,0.0,카드,부산,App,verified
ORD000896,C0059,2026-07-29,S001,노트,문구,4500,6,0.05,카카오페이,서울,Web,verified
ORD000897,C0235,2026-07-06,A004,토트백,패션,32000,5,0.0,카드,대전,Web,verified
ORD000898,C0231,2026-07-15,F002,티 세트,식품,12000,1,0.05,카드,경기,Web,verified
ORD000899,C0210,2026-07-07,F006,견과류,식품,13000,1,0.15,카드,광주,Web,verified
ORD000900,C0006,2026-07-02,L001,텀블러,생활,22000,4,0.0,카드,경기,Web,verified
ORD000901,C0283,2026-07-07,F004,그래놀라,식품,11000,5,0.0,카카오페이,서울,App,verified
ORD000902,C0012,2026-07-22,F005,초콜릿,식품,8000,1,0.0,카드,서울,Web,verified
ORD000903,C0288,2026-07-30,L005,쿠션,생활,35000,2,0.0,카드,서울,App,verified
ORD000904,C0060,2026-07-04,S006,메모지,문구,2500,4,0.0,카드,서울,App,verified
ORD000905,C0213,2026-07-12,E005,USB 허브,전자기기,39000,5,0.05,계좌이체,서울,Web,verified
ORD000906,C0079,2026-07-25,S005,바인더,문구,6500,4,0.0,카드,경기,Web,verified
ORD000907,C0188,2026-07-27,S006,메모지,문구,2500,4,0.0,카드,광주,App,verified
ORD000908,C0199,2026-07-19,F002,티 세트,식품,12000,3,0.1,계좌이체,서울,Web,verified
ORD000909,C0228,2026-07-17,F002,티 세트,식품,12000,3,0.1,카드,서울,Web,verified
ORD000910,C0183,2026-07-29,F006,견과류,식품,13000,2,0.0,카드,경기,App,verified
ORD000911,C0247,2026-07-12,L002,데스크 램프,생활,39000,2,0.0,카드,부산,Web,verified
ORD000912,C0117,2026-07-16,E003,모니터,전자기기,239000,1,,계좌이체,서울,Web,verified
ORD000913,C0291,2026-07-21,S006,메모지,문구,2500,4,0.0,카카오페이,서울,App,verified
ORD000914,C0015,2026-07-27,S002,펜,문구,1800,3,0.05,카카오페이,대구,Web,verified
ORD000915,C0231,2026-07-16,A001,티셔츠,패션,29000,4,0.1,카카오페이,부산,App,verified
ORD000916,C0113,2026-07-29,S003,형광펜,문구,3200,3,0.0,카드,서울,Web,verified
ORD000917,C0013,2026-07-14,L004,디퓨저,생활,28000,2,0.15,네이버페이,부산,Web,verified
ORD000918,C0025,2026-07-13,L004,디퓨저,생활,28000,2,0.15,카드,서울,App,verified
ORD000919,C0157,2026-07-21,L005,쿠션,생활,35000,2,0.0,카드,서울,App,verified
ORD000920,C0214,2026-07-23,F006,견과류,식품,13000,2,0.0,기타,서울,App,verified
ORD000921,C0189,2026-07-13,L002,데스크 램프,생활,39000,2,0.0,카드,서울,App,verified
ORD000922,C0138,2026-07-15,E001,키보드,전자기기,49000,1,0.0,기타,서울,App,verified
ORD000923,C0050,2026-07-16,E001,키보드,전자기기,49000,2,0.05,카드,부산,App,verified
ORD000924,C0012,2026-07-15,F002,티 세트,식품,12000,1,0.05,카드,서울,App,verified
ORD000925,C0127,2026-07-17,F004,그래놀라,식품,11000,1,0.0,카드,광주,App,verified
ORD000926,C0063,2026-07-10,E006,이어폰,전자기기,129000,1,0.0,기타,서울,App,verified
ORD000927,C0234,2026-07-14,A002,후드,패션,69000,2,0.0,카드,서울,App,verified
ORD000928,C0015,2026-07-31,S001,노트,문구,4500,6,0.05,계좌이체,대구,Web,verified
ORD000929,C0016,2026-07-25,S006,메모지,문구,2500,4,0.0,카카오페이,대구  ,App,verified
ORD000930,C0079,2026-07-13,L005,쿠션,생활,35000,2,0.0,기타,서울,App,verified
ORD000931,C0234,2026-07-23,F005,초콜릿,식품,8000,1,0.0,네이버페이,서울,App,verified
ORD000932,C0097,2026-07-16,A006,재킷,패션,149000,1,0.2,네이버페이,서울,Web,verified
ORD000933,C0193,2026-07-20,L003,정리함,생활,19000,5,0.0,네이버페이,서울,Web,verified
ORD000934,C0004,2026-07-10,S001,노트,문구,4500,6,0.05,네이버페이,광주,Web,verified
ORD000935,C0206,2026-07-22,E001,키보드,전자기기,49000,2,0.05,카드,대전,App,verified
ORD000936,C0069,2026-07-22,F005,초콜릿,식품,8000,1,0.0,카카오페이, 대전,App,verified
ORD000937,C0118,2026-07-14,E005,USB 허브,전자기기,39000,5,0.05,네이버페이,서울,Web,verified
ORD000938,C0074,2026-07-26,F004,그래놀라,식품,11000,1,0.0,카드,부산,App,verified
ORD000939,C0249,2026-07-05,S005,바인더,문구,6500,4,0.0,카드,서울,Web,verified
ORD000940,C0252,2026-07-01,F002,티 세트,식품,12000,3,0.1,카드,대구,App,verified
ORD000941,C0034,2026-07-26,L004,디퓨저,생활,28000,2,0.15,카드,서울,App,verified
ORD000942,C9001,2026-07-03,S003,형광펜,문구,3200,3,0.0,기타,서울,Web,verified
ORD000943,C0147,2026-07-06,F004,그래놀라,식품,11000,1,0.15,카드,부산,Web,verified
ORD000944,C0077,2026-07-27,L003,정리함,생활,19000,5,0.0,카드,대전,Web,verified
ORD000945,C0025,2026-07-24,F003,스낵 세트,식품,15000,2,0.0,카드,경기,App,verified
ORD000946,C0165,2026-07-20,A006,재킷,패션,149000,1,0.2,계좌이체,경기,App,verified
ORD000947,C0249,2026-07-17,E004,웹캠,전자기기,89000,5,0.2,카드,광주,Web,verified
ORD000948,C0188,2026-07-22,S006,메모지,문구,2500,4,0.0,카카오페이,부산,App,verified
ORD000949,C0190,2026-07-28,E002,마우스,전자기기,29000,3,0.0,카드,대전,App,verified
ORD000950,C0087,2026-07-17,L001,텀블러,생활,22000,4,0.0,네이버페이,대전,App,verified
ORD000951,C0118,2026-07-28,F005,초콜릿,식품,8000,5,0.0,네이버페이,경기,App,verified
ORD000952,C0228,2026-07-19,F004,그래놀라,식품,11000,1,0.0,카드,서울,App,verified
ORD000953,C0024,2026-07-24,A001,티셔츠,패션,29000,4,0.1,카드,부산,Web,verified
ORD000954,C0187,2026-07-06,E001,키보드,전자기기,49000,1,0.0,카드,경기,App,verified
ORD000955,C0129,2026-07-24,E002,마우스,전자기기,29000,3,0.05,네이버페이,서울,App,verified
ORD000956,C0079,2026-07-28,A002,후드,패션,69000,2,0.0,기타,대구,App,verified
ORD000957,C0126,2026-07-21,F004,그래놀라,식품,11000,1,0.0,계좌이체,부산,Web,verified
ORD000958,C0249,2026-07-21,L005,쿠션,생활,35000,2,0.0,카카오페이,서울,App,verified
ORD000959,C0190,2026-07-16,F006,견과류,식품,13000,3,0.1,네이버페이,경기,App,verified
ORD000960,C0070,2026-07-30,A006,재킷,패션,149000,1,0.2,카카오페이,서울 ,App,verified
ORD000961,C0249,2026-07-07,E003,모니터,전자기기,239000,1,,카드,경기,App,verified
ORD000962,C0254,2026-07-09,A005,스니커즈,패션,119000,1,0.1,네이버페이,경기,App,verified
ORD000963,C0190,2026-07-04,E005,USB 허브,전자기기,39000,5,0.05,카카오페이,광주,Web,verified
ORD000964,C0082,2026-07-25,F003,스낵 세트,식품,15000,3,0.2,네이버페이,서울,App,verified
ORD000965,C0278,2026-07-15,L004,디퓨저,생활,28000,2,0.15,카드,경기,Web,verified
ORD000966,C0117,2026-07-20,S006,메모지,문구,2500,4,0.0,네이버페이,대전,App,verified
ORD000967,C0236,2026-07-07,F006,견과류,식품,13000,1,0.15,카드,대전,App,verified
ORD000968,C0024,2026-07-31,A005,스니커즈,패션,119000,2,0.0,계좌이체,대전,App,verified
ORD000969,C0184,2026-07-03,L001,텀블러,생활,22000,4,0.0,카드,부산,App,verified
ORD000970,C0089,2026-07-11,S005,바인더,문구,6500,4,0.0,카드,,App,verified
ORD000971,C0254,2026-07-31,E002,마우스,전자기기,29000,3,0.0,카카오페이,광주,App,verified
ORD000972,C0205,2026-07-17,E005,USB 허브,전자기기,39000,5,0.05,카드,부산,Web,verified
ORD000973,C9003,2026-07-16,F001,원두,식품,18000,2,0.0,카드,서울,App,verified
ORD000974,C0162,2026-07-29,S004,플래너,문구,12000,7,0.05,네이버페이,서울,App,verified
ORD000975,C0279,2026-07-05,L005,쿠션,생활,35000,2,0.0,카드,광주,App,verified
ORD000976,C0001,2026-07-11,S002,펜,문구,1800,6,0.0,네이버페이,대구,App,verified
ORD000977,C0192,2026-07-09,A003,캡,패션,25000,1,0.0,카카오페이,서울,Web,verified
ORD000978,C0296,2026-07-21,E001,키보드,전자기기,49000,2,0.05,카드,경기,Web,verified
ORD000979,C0214,2026-07-03,A004,토트백,패션,32000,1,0.05,카드,대구,App,verified
ORD000980,C9002,2026-07-09,E004,웹캠,전자기기,89000,5,,카카오페이,경기,Web,verified
ORD000981,C0075,2026-07-16,F003,스낵 세트,식품,15000,2,0.0,카카오페이,서울,Web,verified
ORD000982,C0184,2026-07-15,F005,초콜릿,식품,8000,1,0.0,카드,광주,Web,verified
ORD000983,C0282,2026-07-16,E004,웹캠,전자기기,89000,5,0.0,카카오페이,부산,App,verified
ORD000984,C0079,2026-07-06,S005,바인더,문구,6500,4,0.0,카드,,App,verified
ORD000985,C0046,2026-07-06,S006,메모지,문구,2500,4,0.0,카카오페이,대전,App,verified
ORD000986,C0202,2026-07-27,L004,디퓨저,생활,28000,2,0.15,네이버페이,대구,App,verified
ORD000987,C0035,2026-07-07,S003,형광펜,문구,3200,1,0.1,카드,대구,App,verified
ORD000988,C0139,2026-07-25,F002,티 세트,식품,12000,3,0.1,카카오페이,서울,App,verified
ORD000989,C0189,2026-07-14,F005,초콜릿,식품,8000,1,0.0,카카오페이,서울,App,verified
ORD000990,C0055,2026-07-27,S006,메모지,문구,2500,3,0.1,카드,대전,App,verified
ORD000991,C0212,2026-07-02,F002,티 세트,식품,12000,3,0.1,카카오페이,서울,Web,verified
ORD000992,C0156,2026-07-13,F002,티 세트,식품,12000,3,0.1,카드,대구,App,verified
ORD000128,C0213,2026-07-11,E004,웹캠,전자기기,89000,5,0.2,카카오페이,서울,Web,verified
ORD000257,C0140,2026-07-08,S001,노트,문구,4500,1,0.05,카드,경기,Web,verified
ORD000441,C0260,2026-07-27,L006,머그컵,생활,14000,3,0.0,네이버페이,서울,Web,verified
ORD000688,C0091,2026-07-14,L005,쿠션,생활,35000,2,0.0,카드,부산,Web,verified
ORD000903,C0288,2026-07-30,L005,쿠션,생활,35000,2,0.0,카드,서울,App,verified
ORD000173,C0160,2026-07-22,F006,견과류,식품,13000,4,0.1,기타,서울,App,ingestion_error
ORD000514,C0088,2026-07-03,E002,마우스,전자기기,29000,4,0.0,기타,대전,Web,ingestion_error
ORD000821,C0108,2026-07-06,F001,원두,식품,18000,2,0.05,기타,부산,App,ingestion_error
